scene,condition,algorithm,method,correspondences,scene_disparity_rms_px,scene_disparity_p05_p95_range_px,horizontal_disparity_change_rms_px,horizontal_disparity_change_max_px,horizontal_disparity_change_rms_uv,horizontal_disparity_change_max_uv,fitted
Adirondack,none,orb,vertical-affine,324011,26.172622,72.052338,4.942e-14,1.594e-13,3.441e-17,1.110e-16,true
Adirondack,none,orb,estimate-affine-2d,324011,26.172622,72.052338,32.422910598,78.7432737,0.02257862855,0.054835148816,true
Adirondack,none,orb,find-homography,324011,26.172622,72.052338,32.4273186,70.009668782,0.02258169819,0.048753251241,true
Adirondack,none,akaze,vertical-affine,324011,26.172622,72.052338,4.942e-14,1.594e-13,3.441e-17,1.110e-16,true
Adirondack,none,akaze,estimate-affine-2d,324011,26.172622,72.052338,45.705084107,108.816674873,0.031828052999,0.075777628742,true
Adirondack,none,akaze,find-homography,324011,26.172622,72.052338,24.688356395,61.002092918,0.017192448743,0.042480566099,true
Adirondack,none,sift,vertical-affine,324011,26.172622,72.052338,4.942e-14,1.594e-13,3.441e-17,1.110e-16,true
Adirondack,none,sift,estimate-affine-2d,324011,26.172622,72.052338,37.385082785,90.624917188,0.026034180212,0.063109273807,true
Adirondack,none,sift,find-homography,324011,26.172622,72.052338,36.502176017,75.024390408,0.025419342631,0.05224539722,true
Adirondack,shift-only,orb,vertical-affine,324011,26.172622,72.052338,4.942e-14,1.594e-13,3.441e-17,1.110e-16,true
Adirondack,shift-only,orb,estimate-affine-2d,324011,26.172622,72.052338,43.043718647,96.609518945,0.029974734434,0.067276823778,true
Adirondack,shift-only,orb,find-homography,324011,26.172622,72.052338,40.29625284,110.943090511,0.02806145741,0.077258419576,true
Adirondack,shift-only,akaze,vertical-affine,324011,26.172622,72.052338,4.942e-14,1.594e-13,3.441e-17,1.110e-16,true
Adirondack,shift-only,akaze,estimate-affine-2d,324011,26.172622,72.052338,16.582937135,40.074405548,0.011548006361,0.027906967652,true
Adirondack,shift-only,akaze,find-homography,324011,26.172622,72.052338,24.738456726,64.445052895,0.017227337553,0.04487817054,true
Adirondack,shift-only,sift,vertical-affine,324011,26.172622,72.052338,4.942e-14,1.594e-13,3.441e-17,1.110e-16,true
Adirondack,shift-only,sift,estimate-affine-2d,324011,26.172622,72.052338,48.87521004,114.830122961,0.034035661588,0.079965266686,true
Adirondack,shift-only,sift,find-homography,324011,26.172622,72.052338,20.926210033,51.202735632,0.014572569661,0.035656501136,true
Adirondack,roll-small,orb,vertical-affine,324011,26.172622,72.052338,4.942e-14,1.594e-13,3.441e-17,1.110e-16,true
Adirondack,roll-small,orb,estimate-affine-2d,324011,26.172622,72.052338,52.628740116,100.286622596,0.036649540471,0.069837480917,true
Adirondack,roll-small,orb,find-homography,324011,26.172622,72.052338,34.377638518,74.361265484,0.023939859692,0.051783611061,true
Adirondack,roll-small,akaze,vertical-affine,324011,26.172622,72.052338,4.942e-14,1.594e-13,3.441e-17,1.110e-16,true
Adirondack,roll-small,akaze,estimate-affine-2d,324011,26.172622,72.052338,32.838704441,63.611480753,0.02286817858,0.044297688547,true
Adirondack,roll-small,akaze,find-homography,324011,26.172622,72.052338,20.989483653,57.766142988,0.014616632071,0.040227119072,true
Adirondack,roll-small,sift,vertical-affine,324011,26.172622,72.052338,4.942e-14,1.594e-13,3.441e-17,1.110e-16,true
Adirondack,roll-small,sift,estimate-affine-2d,324011,26.172622,72.052338,28.83782475,68.468858111,0.020082050662,0.047680263309,true
Adirondack,roll-small,sift,find-homography,324011,26.172622,72.052338,36.289775708,76.64893048,0.025271431551,0.053376692535,true
Adirondack,roll-large,orb,vertical-affine,324011,26.172622,72.052338,4.942e-14,1.594e-13,3.441e-17,1.110e-16,true
Adirondack,roll-large,orb,estimate-affine-2d,324011,26.172622,72.052338,38.569478639,79.40071938,0.026858968412,0.05529298007,true
Adirondack,roll-large,orb,find-homography,324011,26.172622,72.052338,32.279970459,58.924513058,0.022479088063,0.041033783467,true
Adirondack,roll-large,akaze,vertical-affine,324011,26.172622,72.052338,4.942e-14,1.594e-13,3.441e-17,1.110e-16,true
Adirondack,roll-large,akaze,estimate-affine-2d,324011,26.172622,72.052338,37.416756834,68.346452966,0.02605623735,0.047595022957,true
Adirondack,roll-large,akaze,find-homography,324011,26.172622,72.052338,24.491201841,63.924202675,0.017055154485,0.044515461473,true
Adirondack,roll-large,sift,vertical-affine,324011,26.172622,72.052338,4.942e-14,1.594e-13,3.441e-17,1.110e-16,true
Adirondack,roll-large,sift,estimate-affine-2d,324011,26.172622,72.052338,30.872107523,74.166551231,0.021498682119,0.051648016177,true
Adirondack,roll-large,sift,find-homography,324011,26.172622,72.052338,31.344305474,67.839192142,0.021827510776,0.047241777257,true
Adirondack,zoom,orb,vertical-affine,324011,26.172622,72.052338,4.942e-14,1.594e-13,3.441e-17,1.110e-16,true
Adirondack,zoom,orb,estimate-affine-2d,324011,26.172622,72.052338,32.837339682,78.694081601,0.022867228191,0.05480089248,true
Adirondack,zoom,orb,find-homography,324011,26.172622,72.052338,29.925685676,63.019212418,0.020839613981,0.043885245416,true
Adirondack,zoom,akaze,vertical-affine,324011,26.172622,72.052338,4.942e-14,1.594e-13,3.441e-17,1.110e-16,true
Adirondack,zoom,akaze,estimate-affine-2d,324011,26.172622,72.052338,62.067974199,149.238663952,0.043222823258,0.103926646206,true
Adirondack,zoom,akaze,find-homography,324011,26.172622,72.052338,21.307923948,62.68865424,0.01483838715,0.043655051699,true
Adirondack,zoom,sift,vertical-affine,324011,26.172622,72.052338,4.942e-14,1.594e-13,3.441e-17,1.110e-16,true
Adirondack,zoom,sift,estimate-affine-2d,324011,26.172622,72.052338,42.183087847,100.518435919,0.029375409364,0.069998910807,true
Adirondack,zoom,sift,find-homography,324011,26.172622,72.052338,28.929793614,61.354090901,0.020146095832,0.042725690042,true
Adirondack,roll-and-zoom,orb,vertical-affine,324011,26.172622,72.052338,4.942e-14,1.594e-13,3.441e-17,1.110e-16,true
Adirondack,roll-and-zoom,orb,estimate-affine-2d,324011,26.172622,72.052338,38.996721803,92.74293491,0.027156491506,0.064584216511,true
Adirondack,roll-and-zoom,orb,find-homography,324011,26.172622,72.052338,27.008060442,66.470914694,0.018807841533,0.046288937809,true
Adirondack,roll-and-zoom,akaze,vertical-affine,324011,26.172622,72.052338,4.942e-14,1.594e-13,3.441e-17,1.110e-16,true
Adirondack,roll-and-zoom,akaze,estimate-affine-2d,324011,26.172622,72.052338,39.933641305,73.403387269,0.027808942413,0.051116564951,true
Adirondack,roll-and-zoom,akaze,find-homography,324011,26.172622,72.052338,22.16112173,66.422946483,0.015432536024,0.046255533762,true
Adirondack,roll-and-zoom,sift,vertical-affine,324011,26.172622,72.052338,4.942e-14,1.594e-13,3.441e-17,1.110e-16,true
Adirondack,roll-and-zoom,sift,estimate-affine-2d,324011,26.172622,72.052338,32.489124562,78.904478563,0.022624738553,0.05494740847,true
Adirondack,roll-and-zoom,sift,find-homography,324011,26.172622,72.052338,29.861280075,61.21148034,0.020794763283,0.042626379067,true
Adirondack,keystone,orb,vertical-affine,324011,42.963708,134.921148,4.922e-14,1.594e-13,3.428e-17,1.110e-16,true
Adirondack,keystone,orb,estimate-affine-2d,324011,42.963708,134.921148,30.519912858,72.25288994,0.02125342121,0.050315382967,true
Adirondack,keystone,orb,find-homography,324011,42.963708,134.921148,37.24634458,96.222653023,0.025937565864,0.067007418539,true
Adirondack,keystone,akaze,vertical-affine,324011,42.963708,134.921148,4.922e-14,1.594e-13,3.428e-17,1.110e-16,true
Adirondack,keystone,akaze,estimate-affine-2d,324011,42.963708,134.921148,33.508248025,64.280750763,0.023334434558,0.044763754014,true
Adirondack,keystone,akaze,find-homography,324011,42.963708,134.921148,29.398692356,77.487182665,0.020472626989,0.053960433611,true
Adirondack,keystone,sift,vertical-affine,324011,42.963708,134.921148,4.922e-14,1.594e-13,3.428e-17,1.110e-16,true
Adirondack,keystone,sift,estimate-affine-2d,324011,42.963708,134.921148,33.34449191,62.799045709,0.023220398266,0.043731925981,true
Adirondack,keystone,sift,find-homography,324011,42.963708,134.921148,28.515028102,68.295418764,0.01985726191,0.047559483819,true
ArtL,none,orb,vertical-affine,72869,20.591463,58,2.403e-14,7.705e-14,3.462e-17,1.110e-16,true
ArtL,none,orb,estimate-affine-2d,72869,20.591463,58,110.202910278,245.07948911,0.158793818844,0.353140474222,true
ArtL,none,orb,find-homography,72869,20.591463,58,16.525117809,34.712239173,0.023811408946,0.050017635696,true
ArtL,none,akaze,vertical-affine,72869,20.591463,58,2.403e-14,7.705e-14,3.462e-17,1.110e-16,true
ArtL,none,akaze,estimate-affine-2d,72869,20.591463,58,86.410419832,174.457059618,0.124510691401,0.25137904844,true
ArtL,none,akaze,find-homography,72869,20.591463,58,20.289121356,42.630595363,0.029235045182,0.061427370841,true
ArtL,none,sift,vertical-affine,72869,20.591463,58,2.403e-14,7.705e-14,3.462e-17,1.110e-16,true
ArtL,none,sift,estimate-affine-2d,72869,20.591463,58,75.244283243,176.610385716,0.10842115741,0.254481823798,true
ArtL,none,sift,find-homography,72869,20.591463,58,21.642574012,50.553146194,0.031185265147,0.072843150135,true
ArtL,shift-only,orb,vertical-affine,72869,20.591463,58,2.403e-14,7.705e-14,3.462e-17,1.110e-16,true
ArtL,shift-only,orb,estimate-affine-2d,72869,20.591463,58,109.679013588,248.81494695,0.158038924478,0.358522978315,true
ArtL,shift-only,orb,find-homography,72869,20.591463,58,16.136076059,36.799860248,0.023250830056,0.053025735227,true
ArtL,shift-only,akaze,vertical-affine,72869,20.591463,58,2.403e-14,7.705e-14,3.462e-17,1.110e-16,true
ArtL,shift-only,akaze,estimate-affine-2d,72869,20.591463,58,93.676354904,195.021664802,0.134980338478,0.281011044384,true
ArtL,shift-only,akaze,find-homography,72869,20.591463,58,24.575043334,76.053857142,0.035410725265,0.109587690406,true
ArtL,shift-only,sift,vertical-affine,72869,20.591463,58,2.403e-14,7.705e-14,3.462e-17,1.110e-16,true
ArtL,shift-only,sift,estimate-affine-2d,72869,20.591463,58,79.556902103,182.795203441,0.114635305624,0.263393664901,true
ArtL,shift-only,sift,find-homography,72869,20.591463,58,27.804641331,60.507041724,0.040064324684,0.087185939083,true
ArtL,roll-small,orb,vertical-affine,72869,20.591463,58,2.403e-14,7.705e-14,3.462e-17,1.110e-16,true
ArtL,roll-small,orb,estimate-affine-2d,72869,20.591463,58,116.256087808,253.705201976,0.167515976669,0.365569455297,true
ArtL,roll-small,orb,find-homography,72869,20.591463,58,15.972324812,40.464591178,0.023014877251,0.058306327346,true
ArtL,roll-small,akaze,vertical-affine,72869,20.591463,58,2.403e-14,7.705e-14,3.462e-17,1.110e-16,true
ArtL,roll-small,akaze,estimate-affine-2d,72869,20.591463,58,91.858787853,171.144227449,0.132361365783,0.246605515056,true
ArtL,roll-small,akaze,find-homography,72869,20.591463,58,19.737913136,37.058190114,0.028440797026,0.053397968464,true
ArtL,roll-small,sift,vertical-affine,72869,20.591463,58,2.403e-14,7.705e-14,3.462e-17,1.110e-16,true
ArtL,roll-small,sift,estimate-affine-2d,72869,20.591463,58,69.394529292,154.306154651,0.099992117135,0.222343162321,true
ArtL,roll-small,sift,find-homography,72869,20.591463,58,21.737569313,52.81430195,0.031322145984,0.076101299639,true
ArtL,roll-large,orb,vertical-affine,72869,20.591463,58,2.403e-14,7.705e-14,3.462e-17,1.110e-16,true
ArtL,roll-large,orb,estimate-affine-2d,72869,20.591463,58,110.611780845,244.71502431,0.159382969517,0.352615308803,true
ArtL,roll-large,orb,find-homography,72869,20.591463,58,28.496475515,57.256350216,0.041061203913,0.082501945557,true
ArtL,roll-large,akaze,vertical-affine,72869,20.591463,58,2.403e-14,7.705e-14,3.462e-17,1.110e-16,true
ArtL,roll-large,akaze,estimate-affine-2d,72869,20.591463,58,98.695015683,203.299534265,0.14221183816,0.29293881018,true
ArtL,roll-large,akaze,find-homography,72869,20.591463,58,22.681000382,49.587533362,0.032681556747,0.071451777179,true
ArtL,roll-large,sift,vertical-affine,72869,20.591463,58,2.403e-14,7.705e-14,3.462e-17,1.110e-16,true
ArtL,roll-large,sift,estimate-affine-2d,72869,20.591463,58,72.582738972,160.876326242,0.10458607921,0.231810268361,true
ArtL,roll-large,sift,find-homography,72869,20.591463,58,23.053400586,53.881364533,0.033218156464,0.077638853793,true
ArtL,zoom,orb,vertical-affine,72869,20.591463,58,2.403e-14,7.705e-14,3.462e-17,1.110e-16,true
ArtL,zoom,orb,estimate-affine-2d,72869,20.591463,58,113.388120378,267.120391172,0.163383458758,0.384899699095,true
ArtL,zoom,orb,find-homography,72869,20.591463,58,15.088226605,31.721494381,0.021740960526,0.04570820516,true
ArtL,zoom,akaze,vertical-affine,72869,20.591463,58,2.403e-14,7.705e-14,3.462e-17,1.110e-16,true
ArtL,zoom,akaze,estimate-affine-2d,72869,20.591463,58,96.935202534,185.291460512,0.139676084344,0.266990577107,true
ArtL,zoom,akaze,find-homography,72869,20.591463,58,23.081381334,65.027738259,0.033258474545,0.093699911036,true
ArtL,zoom,sift,vertical-affine,72869,20.591463,58,2.403e-14,7.705e-14,3.462e-17,1.110e-16,true
ArtL,zoom,sift,estimate-affine-2d,72869,20.591463,58,78.657224081,166.460191006,0.113338939599,0.239856183006,true
ArtL,zoom,sift,find-homography,72869,20.591463,58,21.451726251,48.851224957,0.030910268373,0.070390814059,true
ArtL,roll-and-zoom,orb,vertical-affine,72869,20.591463,58,2.403e-14,7.705e-14,3.462e-17,1.110e-16,true
ArtL,roll-and-zoom,orb,estimate-affine-2d,72869,20.591463,58,125.94827586,268.372562725,0.181481665505,0.386703980871,true
ArtL,roll-and-zoom,orb,find-homography,72869,20.591463,58,11.05725986,28.261919359,0.015932651095,0.040723226742,true
ArtL,roll-and-zoom,akaze,vertical-affine,72869,20.591463,58,2.403e-14,7.705e-14,3.462e-17,1.110e-16,true
ArtL,roll-and-zoom,akaze,estimate-affine-2d,72869,20.591463,58,100.546026587,198.500436712,0.144879000846,0.286023684024,true
ArtL,roll-and-zoom,akaze,find-homography,72869,20.591463,58,18.177872473,37.127909519,0.026192899817,0.053498428701,true
ArtL,roll-and-zoom,sift,vertical-affine,72869,20.591463,58,2.403e-14,7.705e-14,3.462e-17,1.110e-16,true
ArtL,roll-and-zoom,sift,estimate-affine-2d,72869,20.591463,58,83.59955879,181.405162319,0.120460459352,0.261390723802,true
ArtL,roll-and-zoom,sift,find-homography,72869,20.591463,58,21.253654037,48.166187014,0.030624861724,0.069403727685,true
ArtL,keystone,orb,vertical-affine,72869,20.584782,66.245305,2.386e-14,7.705e-14,3.438e-17,1.110e-16,true
ArtL,keystone,orb,estimate-affine-2d,72869,20.584782,66.245305,116.344948376,273.299942923,0.167644017833,0.393803952339,true
ArtL,keystone,orb,find-homography,72869,20.584782,66.245305,10.903543696,43.415789224,0.015711158064,0.062558774098,true
ArtL,keystone,akaze,vertical-affine,72869,20.584782,66.245305,2.386e-14,7.705e-14,3.438e-17,1.110e-16,true
ArtL,keystone,akaze,estimate-affine-2d,72869,20.584782,66.245305,111.424296641,212.787420498,0.160553741557,0.306610115991,true
ArtL,keystone,akaze,find-homography,72869,20.584782,66.245305,20.545925655,45.113909118,0.029605080194,0.065005632736,true
ArtL,keystone,sift,vertical-affine,72869,20.584782,66.245305,2.386e-14,7.705e-14,3.438e-17,1.110e-16,true
ArtL,keystone,sift,estimate-affine-2d,72869,20.584782,66.245305,79.424489975,173.507969545,0.114444510051,0.250011483494,true
ArtL,keystone,sift,find-homography,72869,20.584782,66.245305,24.334564664,59.926711956,0.035064214213,0.086349729043,true
Jadeplant,none,orb,vertical-affine,245768,78.404432,248.931918,4.540e-14,1.463e-13,3.445e-17,1.110e-16,true
Jadeplant,none,orb,estimate-affine-2d,245768,78.404432,248.931918,235.664740895,470.894901973,0.178804810998,0.357279895275,true
Jadeplant,none,orb,find-homography,245768,78.404432,248.931918,30.137235902,86.632253143,0.022865884599,0.065730085844,true
Jadeplant,none,akaze,vertical-affine,245768,78.404432,248.931918,4.540e-14,1.463e-13,3.445e-17,1.110e-16,true
Jadeplant,none,akaze,estimate-affine-2d,245768,78.404432,248.931918,243.024541518,499.669894073,0.184388878238,0.379112210981,true
Jadeplant,none,akaze,find-homography,245768,78.404432,248.931918,54.252192669,174.238740616,0.041162513406,0.132199347964,true
Jadeplant,none,sift,vertical-affine,245768,78.404432,248.931918,4.540e-14,1.463e-13,3.445e-17,1.110e-16,true
Jadeplant,none,sift,estimate-affine-2d,245768,78.404432,248.931918,183.563584433,377.88994506,0.139274343272,0.286714677587,true
Jadeplant,none,sift,find-homography,245768,78.404432,248.931918,62.517207997,131.427714635,0.047433389983,0.09971753766,true
Jadeplant,shift-only,orb,vertical-affine,245768,78.404432,248.931918,4.540e-14,1.463e-13,3.445e-17,1.110e-16,true
Jadeplant,shift-only,orb,estimate-affine-2d,245768,78.404432,248.931918,237.645252864,479.344841303,0.180307475618,0.363691078378,true
Jadeplant,shift-only,orb,find-homography,245768,78.404432,248.931918,36.511320603,115.69934178,0.02770206419,0.087784022595,true
Jadeplant,shift-only,akaze,vertical-affine,245768,78.404432,248.931918,4.540e-14,1.463e-13,3.445e-17,1.110e-16,true
Jadeplant,shift-only,akaze,estimate-affine-2d,245768,78.404432,248.931918,232.014769656,479.278654133,0.176035485323,0.363640860496,true
Jadeplant,shift-only,akaze,find-homography,245768,78.404432,248.931918,31.995142214,64.97964147,0.0242755252,0.04930170066,true
Jadeplant,shift-only,sift,vertical-affine,245768,78.404432,248.931918,4.540e-14,1.463e-13,3.445e-17,1.110e-16,true
Jadeplant,shift-only,sift,estimate-affine-2d,245768,78.404432,248.931918,166.691467256,337.050218437,0.126473040407,0.255728542062,true
Jadeplant,shift-only,sift,find-homography,245768,78.404432,248.931918,37.186773088,93.501301627,0.028214547107,0.070941807001,true
Jadeplant,roll-small,orb,vertical-affine,245768,78.404432,248.931918,4.540e-14,1.463e-13,3.445e-17,1.110e-16,true
Jadeplant,roll-small,orb,estimate-affine-2d,245768,78.404432,248.931918,256.30835885,505.61932277,0.194467647079,0.383626193301,true
Jadeplant,roll-small,orb,find-homography,245768,78.404432,248.931918,43.468320279,109.77134874,0.032980516145,0.083286304052,true
Jadeplant,roll-small,akaze,vertical-affine,245768,78.404432,248.931918,4.540e-14,1.463e-13,3.445e-17,1.110e-16,true
Jadeplant,roll-small,akaze,estimate-affine-2d,245768,78.404432,248.931918,229.844153104,480.628703502,0.174388583539,0.364665177164,true
Jadeplant,roll-small,akaze,find-homography,245768,78.404432,248.931918,57.998189129,132.46381847,0.044004695849,0.100503655895,true
Jadeplant,roll-small,sift,vertical-affine,245768,78.404432,248.931918,4.540e-14,1.463e-13,3.445e-17,1.110e-16,true
Jadeplant,roll-small,sift,estimate-affine-2d,245768,78.404432,248.931918,179.521294995,371.240280292,0.136207355838,0.281669408416,true
Jadeplant,roll-small,sift,find-homography,245768,78.404432,248.931918,32.041511533,92.494554566,0.024310706778,0.070177962493,true
Jadeplant,roll-large,orb,vertical-affine,245768,78.404432,248.931918,4.540e-14,1.463e-13,3.445e-17,1.110e-16,true
Jadeplant,roll-large,orb,estimate-affine-2d,245768,78.404432,248.931918,263.872703292,568.836838622,0.200206906898,0.431590924599,true
Jadeplant,roll-large,orb,find-homography,245768,78.404432,248.931918,108.323347214,354.84332161,0.0821876686,0.269228620342,true
Jadeplant,roll-large,akaze,vertical-affine,245768,78.404432,248.931918,4.540e-14,1.463e-13,3.445e-17,1.110e-16,true
Jadeplant,roll-large,akaze,estimate-affine-2d,245768,78.404432,248.931918,239.033471279,484.65916539,0.181360752108,0.367723190736,true
Jadeplant,roll-large,akaze,find-homography,245768,78.404432,248.931918,80.616507049,190.722802843,0.061165786835,0.144706223705,true
Jadeplant,roll-large,sift,vertical-affine,245768,78.404432,248.931918,4.540e-14,1.463e-13,3.445e-17,1.110e-16,true
Jadeplant,roll-large,sift,estimate-affine-2d,245768,78.404432,248.931918,171.19136183,346.429605535,0.129887224454,0.26284492074,true
Jadeplant,roll-large,sift,find-homography,245768,78.404432,248.931918,41.136519605,121.01430152,0.031211319882,0.091816617238,true
Jadeplant,zoom,orb,vertical-affine,245768,78.404432,248.931918,4.540e-14,1.463e-13,3.445e-17,1.110e-16,true
Jadeplant,zoom,orb,estimate-affine-2d,245768,78.404432,248.931918,271.559687865,543.381589597,0.206039216893,0.412277382092,true
Jadeplant,zoom,orb,find-homography,245768,78.404432,248.931918,88.435715767,258.798237213,0.06709841864,0.19635678089,true
Jadeplant,zoom,akaze,vertical-affine,245768,78.404432,248.931918,4.540e-14,1.463e-13,3.445e-17,1.110e-16,true
Jadeplant,zoom,akaze,estimate-affine-2d,245768,78.404432,248.931918,243.544060084,489.395005573,0.18478305014,0.371316392696,true
Jadeplant,zoom,akaze,find-homography,245768,78.404432,248.931918,43.9510135,139.120532156,0.033346747724,0.105554273259,true
Jadeplant,zoom,sift,vertical-affine,245768,78.404432,248.931918,4.540e-14,1.463e-13,3.445e-17,1.110e-16,true
Jadeplant,zoom,sift,estimate-affine-2d,245768,78.404432,248.931918,182.66371764,375.787416556,0.138591591532,0.28511943593,true
Jadeplant,zoom,sift,find-homography,245768,78.404432,248.931918,42.195844688,108.982698428,0.032015056668,0.082687935074,true
Jadeplant,roll-and-zoom,orb,vertical-affine,245768,78.404432,248.931918,4.540e-14,1.463e-13,3.445e-17,1.110e-16,true
Jadeplant,roll-and-zoom,orb,estimate-affine-2d,245768,78.404432,248.931918,281.372221819,581.0329656,0.213484235068,0.440844435205,true
Jadeplant,roll-and-zoom,orb,find-homography,245768,78.404432,248.931918,49.210059369,168.569252256,0.037336919097,0.127897763472,true
Jadeplant,roll-and-zoom,akaze,vertical-affine,245768,78.404432,248.931918,4.540e-14,1.463e-13,3.445e-17,1.110e-16,true
Jadeplant,roll-and-zoom,akaze,estimate-affine-2d,245768,78.404432,248.931918,234.086973589,468.005766344,0.17760771896,0.355087834859,true
Jadeplant,roll-and-zoom,akaze,find-homography,245768,78.404432,248.931918,45.899790148,132.175595152,0.034825333952,0.10028497356,true
Jadeplant,roll-and-zoom,sift,vertical-affine,245768,78.404432,248.931918,4.540e-14,1.463e-13,3.445e-17,1.110e-16,true
Jadeplant,roll-and-zoom,sift,estimate-affine-2d,245768,78.404432,248.931918,180.708347686,365.055490591,0.137108002796,0.276976851738,true
Jadeplant,roll-and-zoom,sift,find-homography,245768,78.404432,248.931918,46.170269651,141.678159407,0.035030553605,0.107494809868,true
Jadeplant,keystone,orb,vertical-affine,245768,77.07961,259.772272,4.541e-14,1.463e-13,3.446e-17,1.110e-16,true
Jadeplant,keystone,orb,estimate-affine-2d,245768,77.07961,259.772272,244.737042874,468.928581316,0.185688196414,0.355787997964,true
Jadeplant,keystone,orb,find-homography,245768,77.07961,259.772272,527.499849094,4657.468279842,0.400227503106,3.533739210806,true
Jadeplant,keystone,akaze,vertical-affine,245768,77.07961,259.772272,4.541e-14,1.463e-13,3.446e-17,1.110e-16,true
Jadeplant,keystone,akaze,estimate-affine-2d,245768,77.07961,259.772272,196.602445882,381.231908803,0.149167257877,0.289250310169,true
Jadeplant,keystone,akaze,find-homography,245768,77.07961,259.772272,39.966191318,130.913674875,0.030323362153,0.099327522667,true
Jadeplant,keystone,sift,vertical-affine,245768,77.07961,259.772272,4.541e-14,1.463e-13,3.446e-17,1.110e-16,true
Jadeplant,keystone,sift,estimate-affine-2d,245768,77.07961,259.772272,162.043288112,311.644277856,0.122946349099,0.23645241112,true
Jadeplant,keystone,sift,find-homography,245768,77.07961,259.772272,26.978188221,69.385304408,0.020469035069,0.052644388777,true
Motorcycle,none,orb,vertical-affine,317632,34.334242,90.725949,5.078e-14,1.645e-13,3.426e-17,1.110e-16,true
Motorcycle,none,orb,estimate-affine-2d,317632,34.334242,90.725949,52.256532859,110.901941698,0.035260818393,0.074832619229,true
Motorcycle,none,orb,find-homography,317632,34.334242,90.725949,14.336042273,38.213076818,0.009673442829,0.025784802171,true
Motorcycle,none,akaze,vertical-affine,317632,34.334242,90.725949,5.078e-14,1.645e-13,3.426e-17,1.110e-16,true
Motorcycle,none,akaze,estimate-affine-2d,317632,34.334242,90.725949,54.272503146,129.462353275,0.036621122231,0.087356513681,true
Motorcycle,none,akaze,find-homography,317632,34.334242,90.725949,14.219114326,40.821613796,0.00959454408,0.027544948581,true
Motorcycle,none,sift,vertical-affine,317632,34.334242,90.725949,5.078e-14,1.645e-13,3.426e-17,1.110e-16,true
Motorcycle,none,sift,estimate-affine-2d,317632,34.334242,90.725949,70.257676155,159.09499709,0.047407338836,0.107351549993,true
Motorcycle,none,sift,find-homography,317632,34.334242,90.725949,17.747472408,54.094405921,0.011975352502,0.036500948665,true
Motorcycle,shift-only,orb,vertical-affine,317632,34.334242,90.725949,5.078e-14,1.645e-13,3.426e-17,1.110e-16,true
Motorcycle,shift-only,orb,estimate-affine-2d,317632,34.334242,90.725949,68.770299943,128.494021022,0.046403711163,0.086703118099,true
Motorcycle,shift-only,orb,find-homography,317632,34.334242,90.725949,15.032387583,39.462304332,0.010143311459,0.026627735717,true
Motorcycle,shift-only,akaze,vertical-affine,317632,34.334242,90.725949,5.078e-14,1.645e-13,3.426e-17,1.110e-16,true
Motorcycle,shift-only,akaze,estimate-affine-2d,317632,34.334242,90.725949,44.335454857,109.089493112,0.029915961442,0.073609644475,true
Motorcycle,shift-only,akaze,find-homography,317632,34.334242,90.725949,10.519872127,43.84700842,0.007098429235,0.029586375452,true
Motorcycle,shift-only,sift,vertical-affine,317632,34.334242,90.725949,5.078e-14,1.645e-13,3.426e-17,1.110e-16,true
Motorcycle,shift-only,sift,estimate-affine-2d,317632,34.334242,90.725949,75.869375448,160.729630465,0.051193910558,0.108454541475,true
Motorcycle,shift-only,sift,find-homography,317632,34.334242,90.725949,13.16458106,34.338867036,0.008882983172,0.02317062553,true
Motorcycle,roll-small,orb,vertical-affine,317632,34.334242,90.725949,5.078e-14,1.645e-13,3.426e-17,1.110e-16,true
Motorcycle,roll-small,orb,estimate-affine-2d,317632,34.334242,90.725949,58.124230774,125.8550488,0.039220128727,0.084922435088,true
Motorcycle,roll-small,orb,find-homography,317632,34.334242,90.725949,15.3418946,40.026388499,0.010352155601,0.027008359311,true
Motorcycle,roll-small,akaze,vertical-affine,317632,34.334242,90.725949,5.078e-14,1.645e-13,3.426e-17,1.110e-16,true
Motorcycle,roll-small,akaze,estimate-affine-2d,317632,34.334242,90.725949,54.821393805,132.545468355,0.036991493795,0.089436888229,true
Motorcycle,roll-small,akaze,find-homography,317632,34.334242,90.725949,12.754363521,35.648487291,0.008606183212,0.024054309913,true
Motorcycle,roll-small,sift,vertical-affine,317632,34.334242,90.725949,5.078e-14,1.645e-13,3.426e-17,1.110e-16,true
Motorcycle,roll-small,sift,estimate-affine-2d,317632,34.334242,90.725949,74.310878858,169.176290752,0.050142293426,0.114154042343,true
Motorcycle,roll-small,sift,find-homography,317632,34.334242,90.725949,14.337281058,36.197311854,0.009674278716,0.024424636879,true
Motorcycle,roll-large,orb,vertical-affine,317632,34.334242,90.725949,5.078e-14,1.645e-13,3.426e-17,1.110e-16,true
Motorcycle,roll-large,orb,estimate-affine-2d,317632,34.334242,90.725949,70.111476404,156.241556519,0.047308688532,0.105426151497,true
Motorcycle,roll-large,orb,find-homography,317632,34.334242,90.725949,14.38136639,37.813516005,0.009704025904,0.025515192986,true
Motorcycle,roll-large,akaze,vertical-affine,317632,34.334242,90.725949,5.078e-14,1.645e-13,3.426e-17,1.110e-16,true
Motorcycle,roll-large,akaze,estimate-affine-2d,317632,34.334242,90.725949,58.472052659,142.829430924,0.039454826356,0.096376134227,true
Motorcycle,roll-large,akaze,find-homography,317632,34.334242,90.725949,13.471053992,34.119501483,0.009089780022,0.023022605589,true
Motorcycle,roll-large,sift,vertical-affine,317632,34.334242,90.725949,5.078e-14,1.645e-13,3.426e-17,1.110e-16,true
Motorcycle,roll-large,sift,estimate-affine-2d,317632,34.334242,90.725949,78.512680051,176.42645842,0.052977516904,0.119046193266,true
Motorcycle,roll-large,sift,find-homography,317632,34.334242,90.725949,14.362818601,35.35913685,0.009691510527,0.0238590667,true
Motorcycle,zoom,orb,vertical-affine,317632,34.334242,90.725949,5.078e-14,1.645e-13,3.426e-17,1.110e-16,true
Motorcycle,zoom,orb,estimate-affine-2d,317632,34.334242,90.725949,66.828532337,123.908935262,0.045093476611,0.083609268058,true
Motorcycle,zoom,orb,find-homography,317632,34.334242,90.725949,16.693388912,49.966636541,0.011264095083,0.033715679177,true
Motorcycle,zoom,akaze,vertical-affine,317632,34.334242,90.725949,5.078e-14,1.645e-13,3.426e-17,1.110e-16,true
Motorcycle,zoom,akaze,estimate-affine-2d,317632,34.334242,90.725949,56.616547794,137.32235787,0.038202798782,0.092660160506,true
Motorcycle,zoom,akaze,find-homography,317632,34.334242,90.725949,11.200388269,28.75817911,0.007557616916,0.019404979156,true
Motorcycle,zoom,sift,vertical-affine,317632,34.334242,90.725949,5.078e-14,1.645e-13,3.426e-17,1.110e-16,true
Motorcycle,zoom,sift,estimate-affine-2d,317632,34.334242,90.725949,62.027015569,147.619708786,0.041853586753,0.099608440477,true
Motorcycle,zoom,sift,find-homography,317632,34.334242,90.725949,14.515741141,35.449405572,0.009794697126,0.023919976769,true
Motorcycle,roll-and-zoom,orb,vertical-affine,317632,34.334242,90.725949,5.078e-14,1.645e-13,3.426e-17,1.110e-16,true
Motorcycle,roll-and-zoom,orb,estimate-affine-2d,317632,34.334242,90.725949,67.787719296,146.540344636,0.045740701279,0.098880124586,true
Motorcycle,roll-and-zoom,orb,find-homography,317632,34.334242,90.725949,15.723036269,48.73958828,0.010609336214,0.03288771139,true
Motorcycle,roll-and-zoom,akaze,vertical-affine,317632,34.334242,90.725949,5.078e-14,1.645e-13,3.426e-17,1.110e-16,true
Motorcycle,roll-and-zoom,akaze,estimate-affine-2d,317632,34.334242,90.725949,60.998312734,147.035588963,0.041159455286,0.099214297546,true
Motorcycle,roll-and-zoom,akaze,find-homography,317632,34.334242,90.725949,14.303082968,34.116482612,0.009651203082,0.023020568564,true
Motorcycle,roll-and-zoom,sift,vertical-affine,317632,34.334242,90.725949,5.078e-14,1.645e-13,3.426e-17,1.110e-16,true
Motorcycle,roll-and-zoom,sift,estimate-affine-2d,317632,34.334242,90.725949,82.608108989,184.317170695,0.05574096423,0.124370560523,true
Motorcycle,roll-and-zoom,sift,find-homography,317632,34.334242,90.725949,14.498570889,35.738472459,0.009783111261,0.02411502865,true
Motorcycle,keystone,orb,vertical-affine,317632,45.734508,154.530215,5.037e-14,1.645e-13,3.399e-17,1.110e-16,true
Motorcycle,keystone,orb,estimate-affine-2d,317632,45.734508,154.530215,44.63015387,79.256030584,0.030114813677,0.053479102958,true
Motorcycle,keystone,orb,find-homography,317632,45.734508,154.530215,41.47760582,111.213025506,0.027987588273,0.075042527332,true
Motorcycle,keystone,akaze,vertical-affine,317632,45.734508,154.530215,5.037e-14,1.645e-13,3.399e-17,1.110e-16,true
Motorcycle,keystone,akaze,estimate-affine-2d,317632,45.734508,154.530215,36.028311782,87.470676582,0.024310601742,0.059022048976,true
Motorcycle,keystone,akaze,find-homography,317632,45.734508,154.530215,44.410032268,117.175930148,0.029966283582,0.079066079722,true
Motorcycle,keystone,sift,vertical-affine,317632,45.734508,154.530215,5.037e-14,1.645e-13,3.399e-17,1.110e-16,true
Motorcycle,keystone,sift,estimate-affine-2d,317632,45.734508,154.530215,31.997426904,77.537991835,0.021590706413,0.052319832548,true
Motorcycle,keystone,sift,find-homography,317632,45.734508,154.530215,48.128591403,133.274538112,0.032475432795,0.089928838132,true
MotorcycleE,none,orb,vertical-affine,317632,34.334242,90.725949,5.078e-14,1.645e-13,3.426e-17,1.110e-16,true
MotorcycleE,none,orb,estimate-affine-2d,317632,34.334242,90.725949,108.145095499,215.358070209,0.072972399122,0.145315836848,true
MotorcycleE,none,orb,find-homography,317632,34.334242,90.725949,14.864306511,38.447935276,0.010029896431,0.025943276165,true
MotorcycleE,none,akaze,vertical-affine,317632,34.334242,90.725949,5.078e-14,1.645e-13,3.426e-17,1.110e-16,true
MotorcycleE,none,akaze,estimate-affine-2d,317632,34.334242,90.725949,77.427868217,183.51563714,0.052245525113,0.123829714669,true
MotorcycleE,none,akaze,find-homography,317632,34.334242,90.725949,13.830348146,36.792167038,0.009332218722,0.024826023642,true
MotorcycleE,none,sift,vertical-affine,317632,34.334242,90.725949,5.078e-14,1.645e-13,3.426e-17,1.110e-16,true
MotorcycleE,none,sift,estimate-affine-2d,317632,34.334242,90.725949,88.376646824,202.208198574,0.059633364928,0.136442779065,true
MotorcycleE,none,sift,find-homography,317632,34.334242,90.725949,12.853209704,32.338719657,0.008672881042,0.021820998419,true
MotorcycleE,shift-only,orb,vertical-affine,317632,34.334242,90.725949,5.078e-14,1.645e-13,3.426e-17,1.110e-16,true
MotorcycleE,shift-only,orb,estimate-affine-2d,317632,34.334242,90.725949,132.900587462,270.219797893,0.089676509759,0.182334546486,true
MotorcycleE,shift-only,orb,find-homography,317632,34.334242,90.725949,14.864613053,35.512821513,0.010030103274,0.023962767553,true
MotorcycleE,shift-only,akaze,vertical-affine,317632,34.334242,90.725949,5.078e-14,1.645e-13,3.426e-17,1.110e-16,true
MotorcycleE,shift-only,akaze,estimate-affine-2d,317632,34.334242,90.725949,71.213859092,170.816024578,0.048052536499,0.115260475424,true
MotorcycleE,shift-only,akaze,find-homography,317632,34.334242,90.725949,14.286265289,36.352618051,0.009639855121,0.024529431883,true
MotorcycleE,shift-only,sift,vertical-affine,317632,34.334242,90.725949,5.078e-14,1.645e-13,3.426e-17,1.110e-16,true
MotorcycleE,shift-only,sift,estimate-affine-2d,317632,34.334242,90.725949,82.669811964,183.579533354,0.055782599166,0.123872829523,true
MotorcycleE,shift-only,sift,find-homography,317632,34.334242,90.725949,13.217136343,33.683998858,0.008918445575,0.022728744168,true
MotorcycleE,roll-small,orb,vertical-affine,317632,34.334242,90.725949,5.078e-14,1.645e-13,3.426e-17,1.110e-16,true
MotorcycleE,roll-small,orb,estimate-affine-2d,317632,34.334242,90.725949,107.584067378,212.216337722,0.072593837637,0.143195909394,true
MotorcycleE,roll-small,orb,find-homography,317632,34.334242,90.725949,14.79298964,33.637281978,0.009981774386,0.022697221308,true
MotorcycleE,roll-small,akaze,vertical-affine,317632,34.334242,90.725949,5.078e-14,1.645e-13,3.426e-17,1.110e-16,true
MotorcycleE,roll-small,akaze,estimate-affine-2d,317632,34.334242,90.725949,89.108078283,207.208763749,0.060126908423,0.139816979588,true
MotorcycleE,roll-small,akaze,find-homography,317632,34.334242,90.725949,13.482935559,34.804318777,0.009097797274,0.023484695531,true
MotorcycleE,roll-small,sift,vertical-affine,317632,34.334242,90.725949,5.078e-14,1.645e-13,3.426e-17,1.110e-16,true
MotorcycleE,roll-small,sift,estimate-affine-2d,317632,34.334242,90.725949,83.345473421,178.695039807,0.05623851108,0.120576949937,true
MotorcycleE,roll-small,sift,find-homography,317632,34.334242,90.725949,13.007811227,33.253185113,0.008777200558,0.022438046635,true
MotorcycleE,roll-large,orb,vertical-affine,317632,34.334242,90.725949,5.078e-14,1.645e-13,3.426e-17,1.110e-16,true
MotorcycleE,roll-large,orb,estimate-affine-2d,317632,34.334242,90.725949,103.136795906,214.466205621,0.069592979694,0.144714038881,true
MotorcycleE,roll-large,orb,find-homography,317632,34.334242,90.725949,13.186307857,40.562749347,0.008897643628,0.027370276213,true
MotorcycleE,roll-large,akaze,vertical-affine,317632,34.334242,90.725949,5.078e-14,1.645e-13,3.426e-17,1.110e-16,true
MotorcycleE,roll-large,akaze,estimate-affine-2d,317632,34.334242,90.725949,94.066447592,220.626688756,0.063472636702,0.148870910092,true
MotorcycleE,roll-large,akaze,find-homography,317632,34.334242,90.725949,13.644828091,33.067859383,0.009207036499,0.022312995535,true
MotorcycleE,roll-large,sift,vertical-affine,317632,34.334242,90.725949,5.078e-14,1.645e-13,3.426e-17,1.110e-16,true
MotorcycleE,roll-large,sift,estimate-affine-2d,317632,34.334242,90.725949,86.690370313,193.675370989,0.058495526527,0.13068513562,true
MotorcycleE,roll-large,sift,find-homography,317632,34.334242,90.725949,13.776045587,32.543887206,0.009295577319,0.021959438061,true
MotorcycleE,zoom,orb,vertical-affine,317632,34.334242,90.725949,5.078e-14,1.645e-13,3.426e-17,1.110e-16,true
MotorcycleE,zoom,orb,estimate-affine-2d,317632,34.334242,90.725949,106.627130094,206.89078032,0.071948130968,0.13960241587,true
MotorcycleE,zoom,orb,find-homography,317632,34.334242,90.725949,15.381651151,37.479261378,0.010378981883,0.025289650053,true
MotorcycleE,zoom,akaze,vertical-affine,317632,34.334242,90.725949,5.078e-14,1.645e-13,3.426e-17,1.110e-16,true
MotorcycleE,zoom,akaze,estimate-affine-2d,317632,34.334242,90.725949,86.463324771,208.841328045,0.058342324407,0.140918574929,true
MotorcycleE,zoom,akaze,find-homography,317632,34.334242,90.725949,12.31710934,44.011317168,0.008311139905,0.029697245053,true
MotorcycleE,zoom,sift,vertical-affine,317632,34.334242,90.725949,5.078e-14,1.645e-13,3.426e-17,1.110e-16,true
MotorcycleE,zoom,sift,estimate-affine-2d,317632,34.334242,90.725949,69.374915462,161.294510771,0.046811683848,0.108835702274,true
MotorcycleE,zoom,sift,find-homography,317632,34.334242,90.725949,10.766961167,39.30324942,0.007265155983,0.026520411215,true
MotorcycleE,roll-and-zoom,orb,vertical-affine,317632,34.334242,90.725949,5.078e-14,1.645e-13,3.426e-17,1.110e-16,true
MotorcycleE,roll-and-zoom,orb,estimate-affine-2d,317632,34.334242,90.725949,117.786300641,215.715203785,0.079477935655,0.145556817669,true
MotorcycleE,roll-and-zoom,orb,find-homography,317632,34.334242,90.725949,14.404707362,36.566210984,0.009719775548,0.024673556669,true
MotorcycleE,roll-and-zoom,akaze,vertical-affine,317632,34.334242,90.725949,5.078e-14,1.645e-13,3.426e-17,1.110e-16,true
MotorcycleE,roll-and-zoom,akaze,estimate-affine-2d,317632,34.334242,90.725949,87.12962991,198.89162395,0.058791923016,0.13420487446,true
MotorcycleE,roll-and-zoom,akaze,find-homography,317632,34.334242,90.725949,14.659565752,40.799846865,0.009891744772,0.027530261043,true
MotorcycleE,roll-and-zoom,sift,vertical-affine,317632,34.334242,90.725949,5.078e-14,1.645e-13,3.426e-17,1.110e-16,true
MotorcycleE,roll-and-zoom,sift,estimate-affine-2d,317632,34.334242,90.725949,80.186536967,170.82916986,0.054106975012,0.115269345384,true
MotorcycleE,roll-and-zoom,sift,find-homography,317632,34.334242,90.725949,13.612161166,34.241781521,0.009184994039,0.023105115736,true
MotorcycleE,keystone,orb,vertical-affine,317632,45.734508,154.530215,5.037e-14,1.645e-13,3.399e-17,1.110e-16,true
MotorcycleE,keystone,orb,estimate-affine-2d,317632,45.734508,154.530215,95.931651851,209.58323473,0.064731209076,0.141419186727,true
MotorcycleE,keystone,orb,find-homography,317632,45.734508,154.530215,43.826213377,109.901349837,0.029572343709,0.074157456031,true
MotorcycleE,keystone,akaze,vertical-affine,317632,45.734508,154.530215,5.037e-14,1.645e-13,3.399e-17,1.110e-16,true
MotorcycleE,keystone,akaze,estimate-affine-2d,317632,45.734508,154.530215,48.270752755,107.370920341,0.032571358134,0.072450013725,true
MotorcycleE,keystone,akaze,find-homography,317632,45.734508,154.530215,40.862177295,107.535831701,0.027572319362,0.072561289947,true
MotorcycleE,keystone,sift,vertical-affine,317632,45.734508,154.530215,5.037e-14,1.645e-13,3.399e-17,1.110e-16,true
MotorcycleE,keystone,sift,estimate-affine-2d,317632,45.734508,154.530215,49.228330118,118.348050634,0.033217496706,0.079856984233,true
MotorcycleE,keystone,sift,find-homography,317632,45.734508,154.530215,44.682121818,115.454220928,0.030149879769,0.07790433261,true
Piano,none,orb,vertical-affine,293751,15.585863,49.346237,4.911e-14,1.570e-13,3.473e-17,1.110e-16,true
Piano,none,orb,estimate-affine-2d,293751,15.585863,49.346237,19.641157376,48.451536184,0.013890493194,0.034265584288,true
Piano,none,orb,find-homography,293751,15.585863,49.346237,23.035640625,84.277623688,0.016291117839,0.059602279836,true
Piano,none,akaze,vertical-affine,293751,15.585863,49.346237,4.911e-14,1.570e-13,3.473e-17,1.110e-16,true
Piano,none,akaze,estimate-affine-2d,293751,15.585863,49.346237,21.170305132,39.418134334,0.01497192725,0.02787703984,true
Piano,none,akaze,find-homography,293751,15.585863,49.346237,25.0526775,70.739609994,0.017717593706,0.050028012726,true
Piano,none,sift,vertical-affine,293751,15.585863,49.346237,4.911e-14,1.570e-13,3.473e-17,1.110e-16,true
Piano,none,sift,estimate-affine-2d,293751,15.585863,49.346237,48.178794055,115.02304216,0.034072697352,0.081345857256,true
Piano,none,sift,find-homography,293751,15.585863,49.346237,20.27174901,45.336106924,0.01433645616,0.032062310413,true
Piano,shift-only,orb,vertical-affine,293751,15.585863,49.346237,4.911e-14,1.570e-13,3.473e-17,1.110e-16,true
Piano,shift-only,orb,estimate-affine-2d,293751,15.585863,49.346237,13.638962304,33.4544149,0.009645659338,0.023659416478,true
Piano,shift-only,orb,find-homography,293751,15.585863,49.346237,21.381967409,76.979401742,0.015121617687,0.054440878177,true
Piano,shift-only,akaze,vertical-affine,293751,15.585863,49.346237,4.911e-14,1.570e-13,3.473e-17,1.110e-16,true
Piano,shift-only,akaze,estimate-affine-2d,293751,15.585863,49.346237,14.570831843,34.400142841,0.010304690129,0.02432824812,true
Piano,shift-only,akaze,find-homography,293751,15.585863,49.346237,24.824433896,83.955303632,0.01755617673,0.059374330716,true
Piano,shift-only,sift,vertical-affine,293751,15.585863,49.346237,4.911e-14,1.570e-13,3.473e-17,1.110e-16,true
Piano,shift-only,sift,estimate-affine-2d,293751,15.585863,49.346237,36.448982841,75.97162752,0.025777215588,0.053728166563,true
Piano,shift-only,sift,find-homography,293751,15.585863,49.346237,13.848239385,33.924564241,0.009793662932,0.023991912476,true
Piano,roll-small,orb,vertical-affine,293751,15.585863,49.346237,4.911e-14,1.570e-13,3.473e-17,1.110e-16,true
Piano,roll-small,orb,estimate-affine-2d,293751,15.585863,49.346237,14.893544593,32.021829035,0.010532916968,0.022646272302,true
Piano,roll-small,orb,find-homography,293751,15.585863,49.346237,20.902865637,71.768351181,0.014782790408,0.050755552462,true
Piano,roll-small,akaze,vertical-affine,293751,15.585863,49.346237,4.911e-14,1.570e-13,3.473e-17,1.110e-16,true
Piano,roll-small,akaze,estimate-affine-2d,293751,15.585863,49.346237,17.266105066,40.265720593,0.01221082395,0.028476464352,true
Piano,roll-small,akaze,find-homography,293751,15.585863,49.346237,29.363454557,92.914998514,0.020766233774,0.065710748595,true
Piano,roll-small,sift,vertical-affine,293751,15.585863,49.346237,4.911e-14,1.570e-13,3.473e-17,1.110e-16,true
Piano,roll-small,sift,estimate-affine-2d,293751,15.585863,49.346237,34.716140262,73.974358213,0.024551725786,0.052315670589,true
Piano,roll-small,sift,find-homography,293751,15.585863,49.346237,18.859043807,44.963762366,0.013337371858,0.031798983286,true
Piano,roll-large,orb,vertical-affine,293751,15.585863,49.346237,4.911e-14,1.570e-13,3.473e-17,1.110e-16,true
Piano,roll-large,orb,estimate-affine-2d,293751,15.585863,49.346237,13.336272075,27.022121904,0.009431592698,0.01911041153,true
Piano,roll-large,orb,find-homography,293751,15.585863,49.346237,20.033735358,77.876349204,0.014168129673,0.055075211601,true
Piano,roll-large,akaze,vertical-affine,293751,15.585863,49.346237,4.911e-14,1.570e-13,3.473e-17,1.110e-16,true
Piano,roll-large,akaze,estimate-affine-2d,293751,15.585863,49.346237,24.050643733,59.468707841,0.01700894182,0.042057077681,true
Piano,roll-large,akaze,find-homography,293751,15.585863,49.346237,20.505816752,74.224088909,0.014501992045,0.052492283528,true
Piano,roll-large,sift,vertical-affine,293751,15.585863,49.346237,4.911e-14,1.570e-13,3.473e-17,1.110e-16,true
Piano,roll-large,sift,estimate-affine-2d,293751,15.585863,49.346237,51.375760237,122.719754942,0.036333635245,0.086789077045,true
Piano,roll-large,sift,find-homography,293751,15.585863,49.346237,21.685493394,45.619300845,0.015336275385,0.032262588999,true
Piano,zoom,orb,vertical-affine,293751,15.585863,49.346237,4.911e-14,1.570e-13,3.473e-17,1.110e-16,true
Piano,zoom,orb,estimate-affine-2d,293751,15.585863,49.346237,16.978714611,38.789867721,0.012007577518,0.027432721161,true
Piano,zoom,orb,find-homography,293751,15.585863,49.346237,18.433164647,56.170847286,0.013036184333,0.039724785917,true
Piano,zoom,akaze,vertical-affine,293751,15.585863,49.346237,4.911e-14,1.570e-13,3.473e-17,1.110e-16,true
Piano,zoom,akaze,estimate-affine-2d,293751,15.585863,49.346237,21.108277209,40.851786101,0.014928060261,0.028890937837,true
Piano,zoom,akaze,find-homography,293751,15.585863,49.346237,27.613005962,66.498993024,0.01952829276,0.047028990823,true
Piano,zoom,sift,vertical-affine,293751,15.585863,49.346237,4.911e-14,1.570e-13,3.473e-17,1.110e-16,true
Piano,zoom,sift,estimate-affine-2d,293751,15.585863,49.346237,56.562324168,130.410218794,0.040001643683,0.092227877506,true
Piano,zoom,sift,find-homography,293751,15.585863,49.346237,17.238295989,41.672624456,0.012191156994,0.029471445867,true
Piano,roll-and-zoom,orb,vertical-affine,293751,15.585863,49.346237,4.911e-14,1.570e-13,3.473e-17,1.110e-16,true
Piano,roll-and-zoom,orb,estimate-affine-2d,293751,15.585863,49.346237,9.646991101,19.957108826,0.006822483098,0.014113938349,true
Piano,roll-and-zoom,orb,find-homography,293751,15.585863,49.346237,18.588299238,63.370723347,0.013145897622,0.044816636031,true
Piano,roll-and-zoom,akaze,vertical-affine,293751,15.585863,49.346237,4.911e-14,1.570e-13,3.473e-17,1.110e-16,true
Piano,roll-and-zoom,akaze,estimate-affine-2d,293751,15.585863,49.346237,23.047482827,42.213044728,0.016299492805,0.029853638422,true
Piano,roll-and-zoom,akaze,find-homography,293751,15.585863,49.346237,24.914946654,69.24703165,0.017620188581,0.048972441054,true
Piano,roll-and-zoom,sift,vertical-affine,293751,15.585863,49.346237,4.911e-14,1.570e-13,3.473e-17,1.110e-16,true
Piano,roll-and-zoom,sift,estimate-affine-2d,293751,15.585863,49.346237,30.066054275,58.735210003,0.021263121835,0.04153833805,true
Piano,roll-and-zoom,sift,find-homography,293751,15.585863,49.346237,14.468014307,41.565923516,0.010231976172,0.029395985514,true
Piano,keystone,orb,vertical-affine,293751,33.470983,106.123442,4.874e-14,1.570e-13,3.447e-17,1.110e-16,true
Piano,keystone,orb,estimate-affine-2d,293751,33.470983,106.123442,13.673193598,31.42645179,0.009669868174,0.02222521343,true
Piano,keystone,orb,find-homography,293751,33.470983,106.123442,33.30491838,79.741304719,0.023553690509,0.056394133465,true
Piano,keystone,akaze,vertical-affine,293751,33.470983,106.123442,4.874e-14,1.570e-13,3.447e-17,1.110e-16,true
Piano,keystone,akaze,estimate-affine-2d,293751,33.470983,106.123442,15.490671178,30.592013596,0.010955212997,0.021635087409,true
Piano,keystone,akaze,find-homography,293751,33.470983,106.123442,17.795432826,45.9009466,0.01258517173,0.032461772701,true
Piano,keystone,sift,vertical-affine,293751,33.470983,106.123442,4.874e-14,1.570e-13,3.447e-17,1.110e-16,true
Piano,keystone,sift,estimate-affine-2d,293751,33.470983,106.123442,23.357228173,57.00435135,0.01651854892,0.040314251308,true
Piano,keystone,sift,find-homography,293751,33.470983,106.123442,49.567468951,117.807855356,0.035054787094,0.083315314962,true
PianoL,none,orb,vertical-affine,293751,15.585863,49.346237,4.911e-14,1.570e-13,3.473e-17,1.110e-16,true
PianoL,none,orb,estimate-affine-2d,293751,15.585863,49.346237,202.05777133,478.200369533,0.142897999526,0.338189794578,true
PianoL,none,orb,find-homography,293751,15.585863,49.346237,25.426179371,70.782552036,0.017981739301,0.050058381921,true
PianoL,none,akaze,vertical-affine,293751,15.585863,49.346237,4.911e-14,1.570e-13,3.473e-17,1.110e-16,true
PianoL,none,akaze,estimate-affine-2d,293751,15.585863,49.346237,113.612426901,251.300328358,0.080348250991,0.177723004497,true
PianoL,none,akaze,find-homography,293751,15.585863,49.346237,27.65525393,66.252748146,0.019558171096,0.046854843102,true
PianoL,none,sift,vertical-affine,293751,15.585863,49.346237,4.911e-14,1.570e-13,3.473e-17,1.110e-16,true
PianoL,none,sift,estimate-affine-2d,293751,15.585863,49.346237,188.146434537,425.677714662,0.133059713251,0.301045059874,true
PianoL,none,sift,find-homography,293751,15.585863,49.346237,25.472243435,78.530942838,0.018014316432,0.055538149107,true
PianoL,shift-only,orb,vertical-affine,293751,15.585863,49.346237,4.911e-14,1.570e-13,3.473e-17,1.110e-16,true
PianoL,shift-only,orb,estimate-affine-2d,293751,15.585863,49.346237,195.156377513,449.10419583,0.138017240108,0.317612585453,true
PianoL,shift-only,orb,find-homography,293751,15.585863,49.346237,31.835515007,78.620290244,0.022514508492,0.055601336806,true
PianoL,shift-only,akaze,vertical-affine,293751,15.585863,49.346237,4.911e-14,1.570e-13,3.473e-17,1.110e-16,true
PianoL,shift-only,akaze,estimate-affine-2d,293751,15.585863,49.346237,108.07618984,225.310577441,0.076432948967,0.159342699746,true
PianoL,shift-only,akaze,find-homography,293751,15.585863,49.346237,29.422160137,73.600561348,0.020807751157,0.05205131637,true
PianoL,shift-only,sift,vertical-affine,293751,15.585863,49.346237,4.911e-14,1.570e-13,3.473e-17,1.110e-16,true
PianoL,shift-only,sift,estimate-affine-2d,293751,15.585863,49.346237,183.089592645,425.836598163,0.129483446001,0.301157424443,true
PianoL,shift-only,sift,find-homography,293751,15.585863,49.346237,27.212521556,76.594400154,0.019245064749,0.054168599826,true
PianoL,roll-small,orb,vertical-affine,293751,15.585863,49.346237,4.911e-14,1.570e-13,3.473e-17,1.110e-16,true
PianoL,roll-small,orb,estimate-affine-2d,293751,15.585863,49.346237,153.370509069,333.267891909,0.108465706555,0.235691578436,true
PianoL,roll-small,orb,find-homography,293751,15.585863,49.346237,26.031027851,65.733709234,0.018409496359,0.046487771735,true
PianoL,roll-small,akaze,vertical-affine,293751,15.585863,49.346237,4.911e-14,1.570e-13,3.473e-17,1.110e-16,true
PianoL,roll-small,akaze,estimate-affine-2d,293751,15.585863,49.346237,100.15467841,247.717514179,0.070830748522,0.17518918966,true
PianoL,roll-small,akaze,find-homography,293751,15.585863,49.346237,28.59424538,85.02763177,0.0202222386,0.060132695735,true
PianoL,roll-small,sift,vertical-affine,293751,15.585863,49.346237,4.911e-14,1.570e-13,3.473e-17,1.110e-16,true
PianoL,roll-small,sift,estimate-affine-2d,293751,15.585863,49.346237,163.167562686,353.776504805,0.115394315903,0.250195547953,true
PianoL,roll-small,sift,find-homography,293751,15.585863,49.346237,13.21660571,32.783588219,0.00934696302,0.023184998741,true
PianoL,roll-large,orb,vertical-affine,293751,15.585863,49.346237,4.911e-14,1.570e-13,3.473e-17,1.110e-16,true
PianoL,roll-large,orb,estimate-affine-2d,293751,15.585863,49.346237,125.254474723,238.124927388,0.088581665292,0.168405182029,true
PianoL,roll-large,orb,find-homography,293751,15.585863,49.346237,26.32689395,75.224014593,0.018618736881,0.05319944455,true
PianoL,roll-large,akaze,vertical-affine,293751,15.585863,49.346237,4.911e-14,1.570e-13,3.473e-17,1.110e-16,true
PianoL,roll-large,akaze,estimate-affine-2d,293751,15.585863,49.346237,93.541857613,224.80322125,0.066154071862,0.158983890559,true
PianoL,roll-large,akaze,find-homography,293751,15.585863,49.346237,31.069411385,86.007109679,0.021972709607,0.060825395813,true
PianoL,roll-large,sift,vertical-affine,293751,15.585863,49.346237,4.911e-14,1.570e-13,3.473e-17,1.110e-16,true
PianoL,roll-large,sift,estimate-affine-2d,293751,15.585863,49.346237,204.302070212,498.525723659,0.144485198169,0.352564161003,true
PianoL,roll-large,sift,find-homography,293751,15.585863,49.346237,29.245575182,81.937175431,0.02068286788,0.057947083048,true
PianoL,zoom,orb,vertical-affine,293751,15.585863,49.346237,4.911e-14,1.570e-13,3.473e-17,1.110e-16,true
PianoL,zoom,orb,estimate-affine-2d,293751,15.585863,49.346237,171.876916122,370.467573325,0.121553688913,0.26199969825,true
PianoL,zoom,orb,find-homography,293751,15.585863,49.346237,25.1434919,67.179047941,0.017781818883,0.047509934894,true
PianoL,zoom,akaze,vertical-affine,293751,15.585863,49.346237,4.911e-14,1.570e-13,3.473e-17,1.110e-16,true
PianoL,zoom,akaze,estimate-affine-2d,293751,15.585863,49.346237,97.933963375,187.810693971,0.069260228695,0.132822272964,true
PianoL,zoom,akaze,find-homography,293751,15.585863,49.346237,28.092873412,70.780241883,0.019867661536,0.050056748149,true
PianoL,zoom,sift,vertical-affine,293751,15.585863,49.346237,4.911e-14,1.570e-13,3.473e-17,1.110e-16,true
PianoL,zoom,sift,estimate-affine-2d,293751,15.585863,49.346237,204.216075988,473.626703371,0.144424381887,0.334955235765,true
PianoL,zoom,sift,find-homography,293751,15.585863,49.346237,27.001762586,78.8815227,0.019096013144,0.055786083946,true
PianoL,roll-and-zoom,orb,vertical-affine,293751,15.585863,49.346237,4.911e-14,1.570e-13,3.473e-17,1.110e-16,true
PianoL,roll-and-zoom,orb,estimate-affine-2d,293751,15.585863,49.346237,160.847828131,357.785452799,0.113753768126,0.25303073041,true
PianoL,roll-and-zoom,orb,find-homography,293751,15.585863,49.346237,25.682535992,72.557979055,0.018163038184,0.051313988016,true
PianoL,roll-and-zoom,akaze,vertical-affine,293751,15.585863,49.346237,4.911e-14,1.570e-13,3.473e-17,1.110e-16,true
PianoL,roll-and-zoom,akaze,estimate-affine-2d,293751,15.585863,49.346237,70.874127227,176.206794238,0.050123145139,0.124615837509,true
PianoL,roll-and-zoom,akaze,find-homography,293751,15.585863,49.346237,31.579268169,85.973651668,0.022333287249,0.060801733853,true
PianoL,roll-and-zoom,sift,vertical-affine,293751,15.585863,49.346237,4.911e-14,1.570e-13,3.473e-17,1.110e-16,true
PianoL,roll-and-zoom,sift,estimate-affine-2d,293751,15.585863,49.346237,169.010698103,397.055843195,0.11952666061,0.28080328373,true
PianoL,roll-and-zoom,sift,find-homography,293751,15.585863,49.346237,18.357971415,64.91639915,0.012983006658,0.045909758946,true
PianoL,keystone,orb,vertical-affine,293751,33.470983,106.123442,4.874e-14,1.570e-13,3.447e-17,1.110e-16,true
PianoL,keystone,orb,estimate-affine-2d,293751,33.470983,106.123442,150.753856958,299.065660424,0.106615174652,0.211503295915,true
PianoL,keystone,orb,find-homography,293751,33.470983,106.123442,20.674414165,51.742383005,0.014621226425,0.036592915845,true
PianoL,keystone,akaze,vertical-affine,293751,33.470983,106.123442,4.874e-14,1.570e-13,3.447e-17,1.110e-16,true
PianoL,keystone,akaze,estimate-affine-2d,293751,33.470983,106.123442,130.434193215,325.104056409,0.092244832543,0.229918003118,true
PianoL,keystone,akaze,find-homography,293751,33.470983,106.123442,14.670429446,41.847670461,0.010375126907,0.029595240779,true
PianoL,keystone,sift,vertical-affine,293751,33.470983,106.123442,4.874e-14,1.570e-13,3.447e-17,1.110e-16,true
PianoL,keystone,sift,estimate-affine-2d,293751,33.470983,106.123442,213.45798882,536.431557673,0.150960388133,0.379371681523,true
PianoL,keystone,sift,find-homography,293751,33.470983,106.123442,24.765182943,84.186153862,0.017514273651,0.059537591133,true
Pipes,none,orb,vertical-affine,282010,30.958666,91.433565,5.168e-14,1.632e-13,3.515e-17,1.110e-16,true
Pipes,none,orb,estimate-affine-2d,282010,30.958666,91.433565,156.556956351,358.881394734,0.106501330851,0.24413700322,true
Pipes,none,orb,find-homography,282010,30.958666,91.433565,45.338856122,121.539487018,0.030842759267,0.082679923142,true
Pipes,none,akaze,vertical-affine,282010,30.958666,91.433565,5.168e-14,1.632e-13,3.515e-17,1.110e-16,true
Pipes,none,akaze,estimate-affine-2d,282010,30.958666,91.433565,94.350907003,175.881412213,0.064184290478,0.119647219193,true
Pipes,none,akaze,find-homography,282010,30.958666,91.433565,15.974107146,68.028098549,0.010866739555,0.04627761806,true
Pipes,none,sift,vertical-affine,282010,30.958666,91.433565,5.168e-14,1.632e-13,3.515e-17,1.110e-16,true
Pipes,none,sift,estimate-affine-2d,282010,30.958666,91.433565,80.735616768,153.917802306,0.054922188278,0.104705987963,true
Pipes,none,sift,find-homography,282010,30.958666,91.433565,8.299299467,25.310229989,0.00564578195,0.01721784353,true
Pipes,shift-only,orb,vertical-affine,282010,30.958666,91.433565,5.168e-14,1.632e-13,3.515e-17,1.110e-16,true
Pipes,shift-only,orb,estimate-affine-2d,282010,30.958666,91.433565,136.976891745,302.545173081,0.09318155901,0.205813042913,true
Pipes,shift-only,orb,find-homography,282010,30.958666,91.433565,52.348522582,148.934193606,0.035611239852,0.101315777963,true
Pipes,shift-only,akaze,vertical-affine,282010,30.958666,91.433565,5.168e-14,1.632e-13,3.515e-17,1.110e-16,true
Pipes,shift-only,akaze,estimate-affine-2d,282010,30.958666,91.433565,90.378414527,190.808282349,0.061481914644,0.129801552619,true
Pipes,shift-only,akaze,find-homography,282010,30.958666,91.433565,21.306191545,77.357660755,0.014494007854,0.052624259017,true
Pipes,shift-only,sift,vertical-affine,282010,30.958666,91.433565,5.168e-14,1.632e-13,3.515e-17,1.110e-16,true
Pipes,shift-only,sift,estimate-affine-2d,282010,30.958666,91.433565,101.621190905,190.727233235,0.06913006184,0.129746417167,true
Pipes,shift-only,sift,find-homography,282010,30.958666,91.433565,13.957975085,48.245422308,0.009495221146,0.032820015175,true
Pipes,roll-small,orb,vertical-affine,282010,30.958666,91.433565,5.168e-14,1.632e-13,3.515e-17,1.110e-16,true
Pipes,roll-small,orb,estimate-affine-2d,282010,30.958666,91.433565,165.244350339,400.3172866,0.11241112268,0.272324684762,true
Pipes,roll-small,orb,find-homography,282010,30.958666,91.433565,54.84909409,146.756780338,0.037312308905,0.099834544448,true
Pipes,roll-small,akaze,vertical-affine,282010,30.958666,91.433565,5.168e-14,1.632e-13,3.515e-17,1.110e-16,true
Pipes,roll-small,akaze,estimate-affine-2d,282010,30.958666,91.433565,93.456210744,208.375255072,0.063575653567,0.141751874198,true
Pipes,roll-small,akaze,find-homography,282010,30.958666,91.433565,18.525871273,44.000407783,0.012602633519,0.029932250193,true
Pipes,roll-small,sift,vertical-affine,282010,30.958666,91.433565,5.168e-14,1.632e-13,3.515e-17,1.110e-16,true
Pipes,roll-small,sift,estimate-affine-2d,282010,30.958666,91.433565,99.301431683,182.543948234,0.067551994343,0.124179556622,true
Pipes,roll-small,sift,find-homography,282010,30.958666,91.433565,13.525685158,48.349012921,0.009201146366,0.03289048498,true
Pipes,roll-large,orb,vertical-affine,282010,30.958666,91.433565,5.168e-14,1.632e-13,3.515e-17,1.110e-16,true
Pipes,roll-large,orb,estimate-affine-2d,282010,30.958666,91.433565,175.907741578,387.912024701,0.119665130325,0.263885731089,true
Pipes,roll-large,orb,find-homography,282010,30.958666,91.433565,10.598022038,38.227228123,0.007209538801,0.026004917091,true
Pipes,roll-large,akaze,vertical-affine,282010,30.958666,91.433565,5.168e-14,1.632e-13,3.515e-17,1.110e-16,true
Pipes,roll-large,akaze,estimate-affine-2d,282010,30.958666,91.433565,96.825481733,226.039076528,0.065867674649,0.153768079271,true
Pipes,roll-large,akaze,find-homography,282010,30.958666,91.433565,14.043434694,46.134495718,0.009553356935,0.031384010693,true
Pipes,roll-large,sift,vertical-affine,282010,30.958666,91.433565,5.168e-14,1.632e-13,3.515e-17,1.110e-16,true
Pipes,roll-large,sift,estimate-affine-2d,282010,30.958666,91.433565,103.661554516,201.326671303,0.070518064297,0.136956919254,true
Pipes,roll-large,sift,find-homography,282010,30.958666,91.433565,12.709234512,37.399467073,0.008645737763,0.025441814336,true
Pipes,zoom,orb,vertical-affine,282010,30.958666,91.433565,5.168e-14,1.632e-13,3.515e-17,1.110e-16,true
Pipes,zoom,orb,estimate-affine-2d,282010,30.958666,91.433565,159.58552813,355.703765033,0.108561583762,0.241975350363,true
Pipes,zoom,orb,find-homography,282010,30.958666,91.433565,51.995150951,157.498608824,0.035370850987,0.107141910765,true
Pipes,zoom,akaze,vertical-affine,282010,30.958666,91.433565,5.168e-14,1.632e-13,3.515e-17,1.110e-16,true
Pipes,zoom,akaze,estimate-affine-2d,282010,30.958666,91.433565,104.290802823,212.474308735,0.070946124369,0.144540346078,true
Pipes,zoom,akaze,find-homography,282010,30.958666,91.433565,61.313474946,135.563820802,0.041709846902,0.09222028626,true
Pipes,zoom,sift,vertical-affine,282010,30.958666,91.433565,5.168e-14,1.632e-13,3.515e-17,1.110e-16,true
Pipes,zoom,sift,estimate-affine-2d,282010,30.958666,91.433565,88.017675665,172.586995591,0.05987596984,0.11740611945,true
Pipes,zoom,sift,find-homography,282010,30.958666,91.433565,8.21121498,29.880726327,0.005585860531,0.020327024712,true
Pipes,roll-and-zoom,orb,vertical-affine,282010,30.958666,91.433565,5.168e-14,1.632e-13,3.515e-17,1.110e-16,true
Pipes,roll-and-zoom,orb,estimate-affine-2d,282010,30.958666,91.433565,171.235914119,400.190485442,0.116487016408,0.272238425471,true
Pipes,roll-and-zoom,orb,find-homography,282010,30.958666,91.433565,10.08574422,28.990812992,0.00686105049,0.019721641491,true
Pipes,roll-and-zoom,akaze,vertical-affine,282010,30.958666,91.433565,5.168e-14,1.632e-13,3.515e-17,1.110e-16,true
Pipes,roll-and-zoom,akaze,estimate-affine-2d,282010,30.958666,91.433565,89.595962166,188.886319415,0.060949634126,0.12849409484,true
Pipes,roll-and-zoom,akaze,find-homography,282010,30.958666,91.433565,20.844619699,80.586785638,0.014180013401,0.054820942611,true
Pipes,roll-and-zoom,sift,vertical-affine,282010,30.958666,91.433565,5.168e-14,1.632e-13,3.515e-17,1.110e-16,true
Pipes,roll-and-zoom,sift,estimate-affine-2d,282010,30.958666,91.433565,89.401316735,175.372389554,0.060817222268,0.119300945275,true
Pipes,roll-and-zoom,sift,find-homography,282010,30.958666,91.433565,12.456301183,39.250472137,0.008473674274,0.026701001454,true
Pipes,keystone,orb,vertical-affine,282010,41.988248,139.707808,5.134e-14,1.632e-13,3.493e-17,1.110e-16,true
Pipes,keystone,orb,estimate-affine-2d,282010,41.988248,139.707808,166.420271136,402.968193823,0.1132110688,0.274128023009,true
Pipes,keystone,orb,find-homography,282010,41.988248,139.707808,48.689416221,118.164611314,0.033122051851,0.080384089329,true
Pipes,keystone,akaze,vertical-affine,282010,41.988248,139.707808,5.134e-14,1.632e-13,3.493e-17,1.110e-16,true
Pipes,keystone,akaze,estimate-affine-2d,282010,41.988248,139.707808,73.666926469,141.228856714,0.050113555421,0.096074052186,true
Pipes,keystone,akaze,find-homography,282010,41.988248,139.707808,49.501960493,112.621921885,0.033674803057,0.076613552302,true
Pipes,keystone,sift,vertical-affine,282010,41.988248,139.707808,5.134e-14,1.632e-13,3.493e-17,1.110e-16,true
Pipes,keystone,sift,estimate-affine-2d,282010,41.988248,139.707808,74.626511672,176.321360853,0.050766334471,0.119946503982,true
Pipes,keystone,sift,find-homography,282010,41.988248,139.707808,31.5101075,83.343162926,0.021435447279,0.056696029201,true
Playroom,none,orb,vertical-affine,267731,33.102902,101.163177,4.906e-14,1.552e-13,3.509e-17,1.110e-16,true
Playroom,none,orb,estimate-affine-2d,267731,33.102902,101.163177,85.278883614,186.888364573,0.061000632056,0.133682664215,true
Playroom,none,orb,find-homography,267731,33.102902,101.163177,40.846008828,83.506006479,0.029217459819,0.059732479599,true
Playroom,none,akaze,vertical-affine,267731,33.102902,101.163177,4.906e-14,1.552e-13,3.509e-17,1.110e-16,true
Playroom,none,akaze,estimate-affine-2d,267731,33.102902,101.163177,80.195854999,156.922825871,0.057364703146,0.112248087176,true
Playroom,none,akaze,find-homography,267731,33.102902,101.163177,34.158757621,65.131774375,0.024434018327,0.046589252056,true
Playroom,none,sift,vertical-affine,267731,33.102902,101.163177,4.906e-14,1.552e-13,3.509e-17,1.110e-16,true
Playroom,none,sift,estimate-affine-2d,267731,33.102902,101.163177,91.567098942,183.90597916,0.065498640159,0.131549341316,true
Playroom,none,sift,find-homography,267731,33.102902,101.163177,38.706228552,73.088699505,0.027686858764,0.052280900933,true
Playroom,shift-only,orb,vertical-affine,267731,33.102902,101.163177,4.906e-14,1.552e-13,3.509e-17,1.110e-16,true
Playroom,shift-only,orb,estimate-affine-2d,267731,33.102902,101.163177,94.059890082,218.133363417,0.067281752562,0.156032448796,true
Playroom,shift-only,orb,find-homography,267731,33.102902,101.163177,41.859270983,79.244291528,0.029942253922,0.056684042581,true
Playroom,shift-only,akaze,vertical-affine,267731,33.102902,101.163177,4.906e-14,1.552e-13,3.509e-17,1.110e-16,true
Playroom,shift-only,akaze,estimate-affine-2d,267731,33.102902,101.163177,70.883637424,156.243275505,0.050703603307,0.111761999646,true
Playroom,shift-only,akaze,find-homography,267731,33.102902,101.163177,34.19424213,65.290688821,0.024459400665,0.046702924765,true
Playroom,shift-only,sift,vertical-affine,267731,33.102902,101.163177,4.906e-14,1.552e-13,3.509e-17,1.110e-16,true
Playroom,shift-only,sift,estimate-affine-2d,267731,33.102902,101.163177,94.733215251,190.474995183,0.067763387161,0.136248208286,true
Playroom,shift-only,sift,find-homography,267731,33.102902,101.163177,35.528191575,77.009729431,0.025413584818,0.05508564337,true
Playroom,roll-small,orb,vertical-affine,267731,33.102902,101.163177,4.906e-14,1.552e-13,3.509e-17,1.110e-16,true
Playroom,roll-small,orb,estimate-affine-2d,267731,33.102902,101.163177,91.131189613,197.738966417,0.065186830911,0.141444181986,true
Playroom,roll-small,orb,find-homography,267731,33.102902,101.163177,42.444934598,90.101156727,0.030361183546,0.064450040577,true
Playroom,roll-small,akaze,vertical-affine,267731,33.102902,101.163177,4.906e-14,1.552e-13,3.509e-17,1.110e-16,true
Playroom,roll-small,akaze,estimate-affine-2d,267731,33.102902,101.163177,89.873313141,183.406662055,0.064287062332,0.131192176005,true
Playroom,roll-small,akaze,find-homography,267731,33.102902,101.163177,35.640587065,70.348328888,0.025493982164,0.050320693053,true
Playroom,roll-small,sift,vertical-affine,267731,33.102902,101.163177,4.906e-14,1.552e-13,3.509e-17,1.110e-16,true
Playroom,roll-small,sift,estimate-affine-2d,267731,33.102902,101.163177,100.901935682,191.178694101,0.072175919658,0.136751569457,true
Playroom,roll-small,sift,find-homography,267731,33.102902,101.163177,34.463143649,66.944153476,0.024651747961,0.047885660569,true
Playroom,roll-large,orb,vertical-affine,267731,33.102902,101.163177,4.906e-14,1.552e-13,3.509e-17,1.110e-16,true
Playroom,roll-large,orb,estimate-affine-2d,267731,33.102902,101.163177,96.243872114,177.390091516,0.068843971469,0.126888477479,true
Playroom,roll-large,orb,find-homography,267731,33.102902,101.163177,41.021254751,91.095586693,0.029342814557,0.065161363872,true
Playroom,roll-large,akaze,vertical-affine,267731,33.102902,101.163177,4.906e-14,1.552e-13,3.509e-17,1.110e-16,true
Playroom,roll-large,akaze,estimate-affine-2d,267731,33.102902,101.163177,82.587439099,161.789309332,0.059075421387,0.115729119694,true
Playroom,roll-large,akaze,find-homography,267731,33.102902,101.163177,38.413267318,75.129405559,0.027477301372,0.053740633447,true
Playroom,roll-large,sift,vertical-affine,267731,33.102902,101.163177,4.906e-14,1.552e-13,3.509e-17,1.110e-16,true
Playroom,roll-large,sift,estimate-affine-2d,267731,33.102902,101.163177,115.301421754,239.577137042,0.082475981226,0.171371342662,true
Playroom,roll-large,sift,find-homography,267731,33.102902,101.163177,34.564359382,65.363918484,0.024724148342,0.046755306498,true
Playroom,zoom,orb,vertical-affine,267731,33.102902,101.163177,4.906e-14,1.552e-13,3.509e-17,1.110e-16,true
Playroom,zoom,orb,estimate-affine-2d,267731,33.102902,101.163177,91.047336931,202.428289073,0.065126850451,0.144798490038,true
Playroom,zoom,orb,find-homography,267731,33.102902,101.163177,42.137541758,87.034903984,0.030141303118,0.062256726741,true
Playroom,zoom,akaze,vertical-affine,267731,33.102902,101.163177,4.906e-14,1.552e-13,3.509e-17,1.110e-16,true
Playroom,zoom,akaze,estimate-affine-2d,267731,33.102902,101.163177,75.195982174,159.555620934,0.053788256204,0.114131345447,true
Playroom,zoom,akaze,find-homography,267731,33.102902,101.163177,35.295007134,68.6800554,0.025246786219,0.049127364378,true
Playroom,zoom,sift,vertical-affine,267731,33.102902,101.163177,4.906e-14,1.552e-13,3.509e-17,1.110e-16,true
Playroom,zoom,sift,estimate-affine-2d,267731,33.102902,101.163177,96.773229659,187.2118346,0.069222624935,0.133914044778,true
Playroom,zoom,sift,find-homography,267731,33.102902,101.163177,35.12217565,69.316647231,0.025123158548,0.049582723341,true
Playroom,roll-and-zoom,orb,vertical-affine,267731,33.102902,101.163177,4.906e-14,1.552e-13,3.509e-17,1.110e-16,true
Playroom,roll-and-zoom,orb,estimate-affine-2d,267731,33.102902,101.163177,91.616099432,203.69645837,0.065533690581,0.145705621151,true
Playroom,roll-and-zoom,orb,find-homography,267731,33.102902,101.163177,54.082904999,113.956589383,0.038685912017,0.081514012434,true
Playroom,roll-and-zoom,akaze,vertical-affine,267731,33.102902,101.163177,4.906e-14,1.552e-13,3.509e-17,1.110e-16,true
Playroom,roll-and-zoom,akaze,estimate-affine-2d,267731,33.102902,101.163177,69.015329545,142.284451096,0.049367188516,0.101777146707,true
Playroom,roll-and-zoom,akaze,find-homography,267731,33.102902,101.163177,41.083373774,78.011142836,0.029387248765,0.055801961971,true
Playroom,roll-and-zoom,sift,vertical-affine,267731,33.102902,101.163177,4.906e-14,1.552e-13,3.509e-17,1.110e-16,true
Playroom,roll-and-zoom,sift,estimate-affine-2d,267731,33.102902,101.163177,97.507658136,180.820290667,0.069747967193,0.12934212494,true
Playroom,roll-and-zoom,sift,find-homography,267731,33.102902,101.163177,40.139296285,77.744191608,0.028711942979,0.055611009734,true
Playroom,keystone,orb,vertical-affine,267731,41.079418,130.561272,4.879e-14,1.552e-13,3.490e-17,1.110e-16,true
Playroom,keystone,orb,estimate-affine-2d,267731,41.079418,130.561272,88.429909796,202.797581451,0.063254584976,0.145062647676,true
Playroom,keystone,orb,find-homography,267731,41.079418,130.561272,45.615394311,128.189809581,0.032629037418,0.091695142762,true
Playroom,keystone,akaze,vertical-affine,267731,41.079418,130.561272,4.879e-14,1.552e-13,3.490e-17,1.110e-16,true
Playroom,keystone,akaze,estimate-affine-2d,267731,41.079418,130.561272,54.800523807,116.04508473,0.039199230191,0.083007928991,true
Playroom,keystone,akaze,find-homography,267731,41.079418,130.561272,47.88445024,131.237604729,0.034252110329,0.093875253741,true
Playroom,keystone,sift,vertical-affine,267731,41.079418,130.561272,4.879e-14,1.552e-13,3.490e-17,1.110e-16,true
Playroom,keystone,sift,estimate-affine-2d,267731,41.079418,130.561272,79.211826483,174.474446822,0.056660820088,0.124802894723,true
Playroom,keystone,sift,find-homography,267731,41.079418,130.561272,46.152852338,130.833062834,0.03301348522,0.093585881855,true
Playtable,none,orb,vertical-affine,271385,23.386724,73.438379,4.704e-14,1.510e-13,3.459e-17,1.110e-16,true
Playtable,none,orb,estimate-affine-2d,271385,23.386724,73.438379,55.452849829,104.869363274,0.040774154286,0.077109825937,true
Playtable,none,orb,find-homography,271385,23.386724,73.438379,23.09684626,81.27746302,0.016982975191,0.059762840456,true
Playtable,none,akaze,vertical-affine,271385,23.386724,73.438379,4.704e-14,1.510e-13,3.459e-17,1.110e-16,true
Playtable,none,akaze,estimate-affine-2d,271385,23.386724,73.438379,35.566554363,84.232060206,0.026151878208,0.061935338387,true
Playtable,none,akaze,find-homography,271385,23.386724,73.438379,11.602428158,36.454770825,0.008531197175,0.026804978548,true
Playtable,none,sift,vertical-affine,271385,23.386724,73.438379,4.704e-14,1.510e-13,3.459e-17,1.110e-16,true
Playtable,none,sift,estimate-affine-2d,271385,23.386724,73.438379,68.558682765,130.163525947,0.050410796151,0.095708474961,true
Playtable,none,sift,find-homography,271385,23.386724,73.438379,16.137074021,34.14410434,0.011865495604,0.025105959073,true
Playtable,shift-only,orb,vertical-affine,271385,23.386724,73.438379,4.704e-14,1.510e-13,3.459e-17,1.110e-16,true
Playtable,shift-only,orb,estimate-affine-2d,271385,23.386724,73.438379,52.123411545,100.627340958,0.038326037901,0.073990691881,true
Playtable,shift-only,orb,find-homography,271385,23.386724,73.438379,18.366018868,67.132184881,0.013504425638,0.049361900648,true
Playtable,shift-only,akaze,vertical-affine,271385,23.386724,73.438379,4.704e-14,1.510e-13,3.459e-17,1.110e-16,true
Playtable,shift-only,akaze,estimate-affine-2d,271385,23.386724,73.438379,39.040444356,93.702907808,0.028706209085,0.068899196917,true
Playtable,shift-only,akaze,find-homography,271385,23.386724,73.438379,17.225812341,49.277344324,0.012666038486,0.036233341414,true
Playtable,shift-only,sift,vertical-affine,271385,23.386724,73.438379,4.704e-14,1.510e-13,3.459e-17,1.110e-16,true
Playtable,shift-only,sift,estimate-affine-2d,271385,23.386724,73.438379,76.352144247,161.559035175,0.056141282534,0.118793408217,true
Playtable,shift-only,sift,find-homography,271385,23.386724,73.438379,19.232694202,37.942958535,0.014141686914,0.027899234217,true
Playtable,roll-small,orb,vertical-affine,271385,23.386724,73.438379,4.704e-14,1.510e-13,3.459e-17,1.110e-16,true
Playtable,roll-small,orb,estimate-affine-2d,271385,23.386724,73.438379,66.447854983,119.798915358,0.048858716899,0.088087437763,true
Playtable,roll-small,orb,find-homography,271385,23.386724,73.438379,17.32362113,39.518660852,0.012737956713,0.029057838862,true
Playtable,roll-small,akaze,vertical-affine,271385,23.386724,73.438379,4.704e-14,1.510e-13,3.459e-17,1.110e-16,true
Playtable,roll-small,akaze,estimate-affine-2d,271385,23.386724,73.438379,50.614326691,111.745332675,0.037216416685,0.082165685791,true
Playtable,roll-small,akaze,find-homography,271385,23.386724,73.438379,14.170790396,31.858593511,0.010419698821,0.023425436405,true
Playtable,roll-small,sift,vertical-affine,271385,23.386724,73.438379,4.704e-14,1.510e-13,3.459e-17,1.110e-16,true
Playtable,roll-small,sift,estimate-affine-2d,271385,23.386724,73.438379,77.150043955,147.671669763,0.056727973497,0.10858211012,true
Playtable,roll-small,sift,find-homography,271385,23.386724,73.438379,13.716343717,29.611925439,0.010085546851,0.021773474587,true
Playtable,roll-large,orb,vertical-affine,271385,23.386724,73.438379,4.704e-14,1.510e-13,3.459e-17,1.110e-16,true
Playtable,roll-large,orb,estimate-affine-2d,271385,23.386724,73.438379,71.921214786,125.957912773,0.052883246167,0.092616112333,true
Playtable,roll-large,orb,find-homography,271385,23.386724,73.438379,12.229829679,32.27728012,0.008992521823,0.023733294206,true
Playtable,roll-large,akaze,vertical-affine,271385,23.386724,73.438379,4.704e-14,1.510e-13,3.459e-17,1.110e-16,true
Playtable,roll-large,akaze,estimate-affine-2d,271385,23.386724,73.438379,43.817373713,91.814330084,0.032218657142,0.067510536827,true
Playtable,roll-large,akaze,find-homography,271385,23.386724,73.438379,16.615238405,49.072161553,0.012217087062,0.03608247173,true
Playtable,roll-large,sift,vertical-affine,271385,23.386724,73.438379,4.704e-14,1.510e-13,3.459e-17,1.110e-16,true
Playtable,roll-large,sift,estimate-affine-2d,271385,23.386724,73.438379,76.097143122,137.614393048,0.055953781707,0.101187053711,true
Playtable,roll-large,sift,find-homography,271385,23.386724,73.438379,15.242638454,40.179544929,0.011207822393,0.029543783036,true
Playtable,zoom,orb,vertical-affine,271385,23.386724,73.438379,4.704e-14,1.510e-13,3.459e-17,1.110e-16,true
Playtable,zoom,orb,estimate-affine-2d,271385,23.386724,73.438379,59.435964794,119.198931614,0.04370291529,0.087646273245,true
Playtable,zoom,orb,find-homography,271385,23.386724,73.438379,20.068929475,62.503717362,0.014756565791,0.045958615707,true
Playtable,zoom,akaze,vertical-affine,271385,23.386724,73.438379,4.704e-14,1.510e-13,3.459e-17,1.110e-16,true
Playtable,zoom,akaze,estimate-affine-2d,271385,23.386724,73.438379,41.245253506,96.070132621,0.030327392284,0.070639803398,true
Playtable,zoom,akaze,find-homography,271385,23.386724,73.438379,25.400644321,73.284982771,0.018676944354,0.053886016743,true
Playtable,zoom,sift,vertical-affine,271385,23.386724,73.438379,4.704e-14,1.510e-13,3.459e-17,1.110e-16,true
Playtable,zoom,sift,estimate-affine-2d,271385,23.386724,73.438379,82.514909174,149.175007712,0.060672727334,0.10968750567,true
Playtable,zoom,sift,find-homography,271385,23.386724,73.438379,14.637979406,34.020488368,0.010763220151,0.025015064977,true
Playtable,roll-and-zoom,orb,vertical-affine,271385,23.386724,73.438379,4.704e-14,1.510e-13,3.459e-17,1.110e-16,true
Playtable,roll-and-zoom,orb,estimate-affine-2d,271385,23.386724,73.438379,42.191843397,79.216856123,0.031023414263,0.058247688326,true
Playtable,roll-and-zoom,orb,find-homography,271385,23.386724,73.438379,15.041284668,50.003743455,0.011059768138,0.036767458423,true
Playtable,roll-and-zoom,akaze,vertical-affine,271385,23.386724,73.438379,4.704e-14,1.510e-13,3.459e-17,1.110e-16,true
Playtable,roll-and-zoom,akaze,estimate-affine-2d,271385,23.386724,73.438379,38.878365881,91.895713534,0.028587033736,0.067570377599,true
Playtable,roll-and-zoom,akaze,find-homography,271385,23.386724,73.438379,21.553560707,71.924920402,0.015848206402,0.052885970884,true
Playtable,roll-and-zoom,sift,vertical-affine,271385,23.386724,73.438379,4.704e-14,1.510e-13,3.459e-17,1.110e-16,true
Playtable,roll-and-zoom,sift,estimate-affine-2d,271385,23.386724,73.438379,73.398394034,147.112796267,0.053969407378,0.108171173726,true
Playtable,roll-and-zoom,sift,find-homography,271385,23.386724,73.438379,13.042837885,36.718869572,0.009590321975,0.026999168803,true
Playtable,keystone,orb,vertical-affine,271385,37.113182,115.515354,4.687e-14,1.510e-13,3.446e-17,1.110e-16,true
Playtable,keystone,orb,estimate-affine-2d,271385,37.113182,115.515354,39.677791593,77.217186244,0.029174846759,0.056777342826,true
Playtable,keystone,orb,find-homography,271385,37.113182,115.515354,44.975184645,132.894961108,0.03306998871,0.097716883168,true
Playtable,keystone,akaze,vertical-affine,271385,37.113182,115.515354,4.687e-14,1.510e-13,3.446e-17,1.110e-16,true
Playtable,keystone,akaze,estimate-affine-2d,271385,37.113182,115.515354,26.275212736,64.117000749,0.019320009365,0.047144853492,true
Playtable,keystone,akaze,find-homography,271385,37.113182,115.515354,44.357955397,117.080009196,0.032616143675,0.086088242056,true
Playtable,keystone,sift,vertical-affine,271385,37.113182,115.515354,4.687e-14,1.510e-13,3.446e-17,1.110e-16,true
Playtable,keystone,sift,estimate-affine-2d,271385,37.113182,115.515354,63.243010247,139.045869488,0.046502213417,0.102239609918,true
Playtable,keystone,sift,find-homography,271385,37.113182,115.515354,27.266621661,90.61356948,0.020048986516,0.066627624618,true
PlaytableP,none,orb,vertical-affine,271679,23.259691,73.246387,4.707e-14,1.512e-13,3.456e-17,1.110e-16,true
PlaytableP,none,orb,estimate-affine-2d,271679,23.259691,73.246387,65.353791013,125.539624047,0.047983693842,0.092172998566,true
PlaytableP,none,orb,find-homography,271679,23.259691,73.246387,12.2917051,28.907179934,0.00902474677,0.021224067499,true
PlaytableP,none,akaze,vertical-affine,271679,23.259691,73.246387,4.707e-14,1.512e-13,3.456e-17,1.110e-16,true
PlaytableP,none,akaze,estimate-affine-2d,271679,23.259691,73.246387,26.183241367,62.34080266,0.019224112605,0.045771514435,true
PlaytableP,none,akaze,find-homography,271679,23.259691,73.246387,16.499960793,42.390717418,0.012114508659,0.031123874756,true
PlaytableP,none,sift,vertical-affine,271679,23.259691,73.246387,4.707e-14,1.512e-13,3.456e-17,1.110e-16,true
PlaytableP,none,sift,estimate-affine-2d,271679,23.259691,73.246387,57.043274403,100.644372268,0.041881992954,0.073894546452,true
PlaytableP,none,sift,find-homography,271679,23.259691,73.246387,12.038483915,26.012239243,0.008838828132,0.019098560384,true
PlaytableP,shift-only,orb,vertical-affine,271679,23.259691,73.246387,4.707e-14,1.512e-13,3.456e-17,1.110e-16,true
PlaytableP,shift-only,orb,estimate-affine-2d,271679,23.259691,73.246387,64.327752691,130.449512372,0.047230361741,0.095777909231,true
PlaytableP,shift-only,orb,find-homography,271679,23.259691,73.246387,16.767403343,46.040874363,0.012310868827,0.033803872513,true
PlaytableP,shift-only,akaze,vertical-affine,271679,23.259691,73.246387,4.707e-14,1.512e-13,3.456e-17,1.110e-16,true
PlaytableP,shift-only,akaze,estimate-affine-2d,271679,23.259691,73.246387,31.16748602,73.594184501,0.022883616755,0.054033909325,true
PlaytableP,shift-only,akaze,find-homography,271679,23.259691,73.246387,12.209894599,34.616992215,0.008964680322,0.025416293843,true
PlaytableP,shift-only,sift,vertical-affine,271679,23.259691,73.246387,4.707e-14,1.512e-13,3.456e-17,1.110e-16,true
PlaytableP,shift-only,sift,estimate-affine-2d,271679,23.259691,73.246387,58.432445353,108.135057058,0.042901942257,0.07939431502,true
PlaytableP,shift-only,sift,find-homography,271679,23.259691,73.246387,13.607536966,41.374282827,0.009990849461,0.030377593852,true
PlaytableP,roll-small,orb,vertical-affine,271679,23.259691,73.246387,4.707e-14,1.512e-13,3.456e-17,1.110e-16,true
PlaytableP,roll-small,orb,estimate-affine-2d,271679,23.259691,73.246387,61.665657094,131.45180574,0.045275812844,0.096513807445,true
PlaytableP,roll-small,orb,find-homography,271679,23.259691,73.246387,31.348658463,91.994301506,0.02301663617,0.067543540019,true
PlaytableP,roll-small,akaze,vertical-affine,271679,23.259691,73.246387,4.707e-14,1.512e-13,3.456e-17,1.110e-16,true
PlaytableP,roll-small,akaze,estimate-affine-2d,271679,23.259691,73.246387,41.446669457,99.437335228,0.030430741158,0.073008322487,true
PlaytableP,roll-small,akaze,find-homography,271679,23.259691,73.246387,9.039478577,24.916403082,0.006636915254,0.018293981705,true
PlaytableP,roll-small,sift,vertical-affine,271679,23.259691,73.246387,4.707e-14,1.512e-13,3.456e-17,1.110e-16,true
PlaytableP,roll-small,sift,estimate-affine-2d,271679,23.259691,73.246387,52.845771543,100.967434884,0.038800125949,0.074131743674,true
PlaytableP,roll-small,sift,find-homography,271679,23.259691,73.246387,14.999925937,42.729770777,0.011013161481,0.031372812612,true
PlaytableP,roll-large,orb,vertical-affine,271679,23.259691,73.246387,4.707e-14,1.512e-13,3.456e-17,1.110e-16,true
PlaytableP,roll-large,orb,estimate-affine-2d,271679,23.259691,73.246387,50.08128835,101.738408484,0.036770402607,0.074697803586,true
PlaytableP,roll-large,orb,find-homography,271679,23.259691,73.246387,15.082137751,48.787039975,0.011073522578,0.035820146824,true
PlaytableP,roll-large,akaze,vertical-affine,271679,23.259691,73.246387,4.707e-14,1.512e-13,3.456e-17,1.110e-16,true
PlaytableP,roll-large,akaze,estimate-affine-2d,271679,23.259691,73.246387,45.98014633,103.472888711,0.033759285117,0.075971283929,true
PlaytableP,roll-large,akaze,find-homography,271679,23.259691,73.246387,20.277850864,64.218121892,0.014888289915,0.047149869231,true
PlaytableP,roll-large,sift,vertical-affine,271679,23.259691,73.246387,4.707e-14,1.512e-13,3.456e-17,1.110e-16,true
PlaytableP,roll-large,sift,estimate-affine-2d,271679,23.259691,73.246387,45.324912256,98.360198487,0.033278202831,0.072217473191,true
PlaytableP,roll-large,sift,find-homography,271679,23.259691,73.246387,18.482560394,38.447401072,0.013570161816,0.028228635148,true
PlaytableP,zoom,orb,vertical-affine,271679,23.259691,73.246387,4.707e-14,1.512e-13,3.456e-17,1.110e-16,true
PlaytableP,zoom,orb,estimate-affine-2d,271679,23.259691,73.246387,54.27635553,112.137570271,0.039850481299,0.08233301782,true
PlaytableP,zoom,orb,find-homography,271679,23.259691,73.246387,17.150900007,59.248256563,0.012592437597,0.043500922587,true
PlaytableP,zoom,akaze,vertical-affine,271679,23.259691,73.246387,4.707e-14,1.512e-13,3.456e-17,1.110e-16,true
PlaytableP,zoom,akaze,estimate-affine-2d,271679,23.259691,73.246387,47.09062905,109.062582338,0.034574617511,0.080075317429,true
PlaytableP,zoom,akaze,find-homography,271679,23.259691,73.246387,15.845439704,43.400430556,0.011633949856,0.031865220672,true
PlaytableP,zoom,sift,vertical-affine,271679,23.259691,73.246387,4.707e-14,1.512e-13,3.456e-17,1.110e-16,true
PlaytableP,zoom,sift,estimate-affine-2d,271679,23.259691,73.246387,50.604501285,97.748682483,0.037154553073,0.071768489341,true
PlaytableP,zoom,sift,find-homography,271679,23.259691,73.246387,14.656867481,33.748839556,0.010761283026,0.024778883668,true
PlaytableP,roll-and-zoom,orb,vertical-affine,271679,23.259691,73.246387,4.707e-14,1.512e-13,3.456e-17,1.110e-16,true
PlaytableP,roll-and-zoom,orb,estimate-affine-2d,271679,23.259691,73.246387,69.473430774,138.481476051,0.051008392639,0.101675092549,true
PlaytableP,roll-and-zoom,orb,find-homography,271679,23.259691,73.246387,12.643955972,37.419267964,0.009283374429,0.027473765025,true
PlaytableP,roll-and-zoom,akaze,vertical-affine,271679,23.259691,73.246387,4.707e-14,1.512e-13,3.456e-17,1.110e-16,true
PlaytableP,roll-and-zoom,akaze,estimate-affine-2d,271679,23.259691,73.246387,48.612971692,110.869969113,0.035692343386,0.081402326808,true
PlaytableP,roll-and-zoom,akaze,find-homography,271679,23.259691,73.246387,9.099429954,25.142738113,0.006680932418,0.018460160142,true
PlaytableP,roll-and-zoom,sift,vertical-affine,271679,23.259691,73.246387,4.707e-14,1.512e-13,3.456e-17,1.110e-16,true
PlaytableP,roll-and-zoom,sift,estimate-affine-2d,271679,23.259691,73.246387,59.009461687,114.692974468,0.043325595952,0.084209232355,true
PlaytableP,roll-and-zoom,sift,find-homography,271679,23.259691,73.246387,14.041851896,39.246931607,0.010309729733,0.028815661973,true
PlaytableP,keystone,orb,vertical-affine,271679,37.072846,115.266663,4.678e-14,1.512e-13,3.435e-17,1.110e-16,true
PlaytableP,keystone,orb,estimate-affine-2d,271679,37.072846,115.266663,34.626697282,85.016975492,0.025423419444,0.062420686851,true
PlaytableP,keystone,orb,find-homography,271679,37.072846,115.266663,51.847022744,148.755525567,0.038066830208,0.109218447553,true
PlaytableP,keystone,akaze,vertical-affine,271679,37.072846,115.266663,4.678e-14,1.512e-13,3.435e-17,1.110e-16,true
PlaytableP,keystone,akaze,estimate-affine-2d,271679,37.072846,115.266663,29.929496751,72.32479622,0.021974667218,0.053101906182,true
PlaytableP,keystone,akaze,find-homography,271679,37.072846,115.266663,39.963133741,94.645395701,0.029341507887,0.069490011528,true
PlaytableP,keystone,sift,vertical-affine,271679,37.072846,115.266663,4.678e-14,1.512e-13,3.435e-17,1.110e-16,true
PlaytableP,keystone,sift,estimate-affine-2d,271679,37.072846,115.266663,26.677513255,64.961149747,0.019587014137,0.047695410974,true
PlaytableP,keystone,sift,find-homography,271679,37.072846,115.266663,32.334359921,112.800100855,0.023740352365,0.082819457309,true
Recycle,none,orb,vertical-affine,317166,21.349539,66.916771,4.926e-14,1.599e-13,3.421e-17,1.110e-16,true
Recycle,none,orb,estimate-affine-2d,317166,21.349539,66.916771,37.05599502,77.699161766,0.025733329875,0.053957751227,true
Recycle,none,orb,find-homography,317166,21.349539,66.916771,16.744300262,38.818592284,0.011627986293,0.026957355753,true
Recycle,none,akaze,vertical-affine,317166,21.349539,66.916771,4.926e-14,1.599e-13,3.421e-17,1.110e-16,true
Recycle,none,akaze,estimate-affine-2d,317166,21.349539,66.916771,17.38798846,41.037080318,0.012074991986,0.028497972443,true
Recycle,none,akaze,find-homography,317166,21.349539,66.916771,38.82955854,123.935724857,0.026964971209,0.086066475595,true
Recycle,none,sift,vertical-affine,317166,21.349539,66.916771,4.926e-14,1.599e-13,3.421e-17,1.110e-16,true
Recycle,none,sift,estimate-affine-2d,317166,21.349539,66.916771,44.987923744,85.109620467,0.031241613711,0.059103903102,true
Recycle,none,sift,find-homography,317166,21.349539,66.916771,5.076809422,11.93652328,0.003525562098,0.008289252278,true
Recycle,shift-only,orb,vertical-affine,317166,21.349539,66.916771,4.926e-14,1.599e-13,3.421e-17,1.110e-16,true
Recycle,shift-only,orb,estimate-affine-2d,317166,21.349539,66.916771,42.033740995,82.472740662,0.029190097913,0.057272736571,true
Recycle,shift-only,orb,find-homography,317166,21.349539,66.916771,18.676977034,44.989802724,0.01297012294,0.031242918558,true
Recycle,shift-only,akaze,vertical-affine,317166,21.349539,66.916771,4.926e-14,1.599e-13,3.421e-17,1.110e-16,true
Recycle,shift-only,akaze,estimate-affine-2d,317166,21.349539,66.916771,22.048185129,51.851449198,0.015311239673,0.036007950832,true
Recycle,shift-only,akaze,find-homography,317166,21.349539,66.916771,43.085129402,114.137577201,0.029920228752,0.079262206389,true
Recycle,shift-only,sift,vertical-affine,317166,21.349539,66.916771,4.926e-14,1.599e-13,3.421e-17,1.110e-16,true
Recycle,shift-only,sift,estimate-affine-2d,317166,21.349539,66.916771,22.112516205,46.995330246,0.015355914031,0.032635646004,true
Recycle,shift-only,sift,find-homography,317166,21.349539,66.916771,6.250573818,24.01681504,0.004340676263,0.016678343778,true
Recycle,roll-small,orb,vertical-affine,317166,21.349539,66.916771,4.926e-14,1.599e-13,3.421e-17,1.110e-16,true
Recycle,roll-small,orb,estimate-affine-2d,317166,21.349539,66.916771,37.314754874,70.796837808,0.025913024218,0.0491644707,true
Recycle,roll-small,orb,find-homography,317166,21.349539,66.916771,18.525724852,45.343700691,0.012865086703,0.031488681035,true
Recycle,roll-small,akaze,vertical-affine,317166,21.349539,66.916771,4.926e-14,1.599e-13,3.421e-17,1.110e-16,true
Recycle,roll-small,akaze,estimate-affine-2d,317166,21.349539,66.916771,27.765990309,55.818607565,0.019281937714,0.03876292192,true
Recycle,roll-small,akaze,find-homography,317166,21.349539,66.916771,34.061297105,105.875885779,0.023653678545,0.07352492068,true
Recycle,roll-small,sift,vertical-affine,317166,21.349539,66.916771,4.926e-14,1.599e-13,3.421e-17,1.110e-16,true
Recycle,roll-small,sift,estimate-affine-2d,317166,21.349539,66.916771,22.618389635,47.697923968,0.015707215024,0.033123558311,true
Recycle,roll-small,sift,find-homography,317166,21.349539,66.916771,7.659308402,30.827762788,0.005318964168,0.021408168603,true
Recycle,roll-large,orb,vertical-affine,317166,21.349539,66.916771,4.926e-14,1.599e-13,3.421e-17,1.110e-16,true
Recycle,roll-large,orb,estimate-affine-2d,317166,21.349539,66.916771,31.48371541,64.116768304,0.021863691257,0.044525533544,true
Recycle,roll-large,orb,find-homography,317166,21.349539,66.916771,21.293050236,53.019996518,0.014786840441,0.036819442026,true
Recycle,roll-large,akaze,vertical-affine,317166,21.349539,66.916771,4.926e-14,1.599e-13,3.421e-17,1.110e-16,true
Recycle,roll-large,akaze,estimate-affine-2d,317166,21.349539,66.916771,35.082975855,68.070085951,0.024363177677,0.047270893021,true
Recycle,roll-large,akaze,find-homography,317166,21.349539,66.916771,35.614631693,111.931492974,0.02473238312,0.077730203454,true
Recycle,roll-large,sift,vertical-affine,317166,21.349539,66.916771,4.926e-14,1.599e-13,3.421e-17,1.110e-16,true
Recycle,roll-large,sift,estimate-affine-2d,317166,21.349539,66.916771,45.675468383,93.284381548,0.031719075266,0.064780820519,true
Recycle,roll-large,sift,find-homography,317166,21.349539,66.916771,5.698709921,18.539210179,0.003957437445,0.012874451514,true
Recycle,zoom,orb,vertical-affine,317166,21.349539,66.916771,4.926e-14,1.599e-13,3.421e-17,1.110e-16,true
Recycle,zoom,orb,estimate-affine-2d,317166,21.349539,66.916771,27.373837117,55.121901508,0.019009609109,0.038279098269,true
Recycle,zoom,orb,find-homography,317166,21.349539,66.916771,19.403360326,45.245001601,0.013474555782,0.031420140001,true
Recycle,zoom,akaze,vertical-affine,317166,21.349539,66.916771,4.926e-14,1.599e-13,3.421e-17,1.110e-16,true
Recycle,zoom,akaze,estimate-affine-2d,317166,21.349539,66.916771,20.080226584,46.931010583,0.013944601795,0.032590979572,true
Recycle,zoom,akaze,find-homography,317166,21.349539,66.916771,17.919987108,42.985945924,0.012444435492,0.029851351336,true
Recycle,zoom,sift,vertical-affine,317166,21.349539,66.916771,4.926e-14,1.599e-13,3.421e-17,1.110e-16,true
Recycle,zoom,sift,estimate-affine-2d,317166,21.349539,66.916771,52.576635699,101.324530385,0.036511552569,0.070364257212,true
Recycle,zoom,sift,find-homography,317166,21.349539,66.916771,6.664831204,22.035543323,0.004628355003,0.015302460641,true
Recycle,roll-and-zoom,orb,vertical-affine,317166,21.349539,66.916771,4.926e-14,1.599e-13,3.421e-17,1.110e-16,true
Recycle,roll-and-zoom,orb,estimate-affine-2d,317166,21.349539,66.916771,37.184467002,81.721665795,0.025822546529,0.056751156802,true
Recycle,roll-and-zoom,orb,find-homography,317166,21.349539,66.916771,20.939508292,50.408241574,0.014541325203,0.035005723315,true
Recycle,roll-and-zoom,akaze,vertical-affine,317166,21.349539,66.916771,4.926e-14,1.599e-13,3.421e-17,1.110e-16,true
Recycle,roll-and-zoom,akaze,estimate-affine-2d,317166,21.349539,66.916771,27.70559243,54.416487862,0.019239994743,0.037789227682,true
Recycle,roll-and-zoom,akaze,find-homography,317166,21.349539,66.916771,30.378369593,75.375575745,0.021096089995,0.052344149823,true
Recycle,roll-and-zoom,sift,vertical-affine,317166,21.349539,66.916771,4.926e-14,1.599e-13,3.421e-17,1.110e-16,true
Recycle,roll-and-zoom,sift,estimate-affine-2d,317166,21.349539,66.916771,18.970867448,43.715480622,0.013174213505,0.030357972654,true
Recycle,roll-and-zoom,sift,find-homography,317166,21.349539,66.916771,5.036047463,14.274108455,0.003497255182,0.009912575316,true
Recycle,keystone,orb,vertical-affine,317166,39.940352,116.831782,4.898e-14,1.599e-13,3.402e-17,1.110e-16,true
Recycle,keystone,orb,estimate-affine-2d,317166,39.940352,116.831782,78.456778524,177.943872499,0.054483873975,0.12357213368,true
Recycle,keystone,orb,find-homography,317166,39.940352,116.831782,50.44980046,116.599788106,0.035034583653,0.080972075074,true
Recycle,keystone,akaze,vertical-affine,317166,39.940352,116.831782,4.898e-14,1.599e-13,3.402e-17,1.110e-16,true
Recycle,keystone,akaze,estimate-affine-2d,317166,39.940352,116.831782,14.740788679,36.931405542,0.010236658805,0.025646809404,true
Recycle,keystone,akaze,find-homography,317166,39.940352,116.831782,34.221215588,109.599027154,0.023764733047,0.076110435524,true
Recycle,keystone,sift,vertical-affine,317166,39.940352,116.831782,4.898e-14,1.599e-13,3.402e-17,1.110e-16,true
Recycle,keystone,sift,estimate-affine-2d,317166,39.940352,116.831782,16.887491447,35.73133696,0.011727424616,0.024813428444,true
Recycle,keystone,sift,find-homography,317166,39.940352,116.831782,40.551302157,101.6496392,0.028160626498,0.070590027222,true
Shelves,none,orb,vertical-affine,304580,16.265995,54.164939,4.965e-14,1.639e-13,3.364e-17,1.110e-16,true
Shelves,none,orb,estimate-affine-2d,304580,16.265995,54.164939,14.761593932,33.587548745,0.0100010799,0.022755791833,true
Shelves,none,orb,find-homography,304580,16.265995,54.164939,11.181442956,24.656888824,0.007575503358,0.01670520923,true
Shelves,none,akaze,vertical-affine,304580,16.265995,54.164939,4.965e-14,1.639e-13,3.364e-17,1.110e-16,true
Shelves,none,akaze,estimate-affine-2d,304580,16.265995,54.164939,4.669226976,10.445823986,0.003163432911,0.007077116522,true
Shelves,none,akaze,find-homography,304580,16.265995,54.164939,13.469994323,27.098238045,0.009126012414,0.018359239868,true
Shelves,none,sift,vertical-affine,304580,16.265995,54.164939,4.965e-14,1.639e-13,3.364e-17,1.110e-16,true
Shelves,none,sift,estimate-affine-2d,304580,16.265995,54.164939,39.582185126,76.388985322,0.026817198595,0.051754055096,true
Shelves,none,sift,find-homography,304580,16.265995,54.164939,12.073019079,31.546987145,0.008179552222,0.021373297524,true
Shelves,shift-only,orb,vertical-affine,304580,16.265995,54.164939,4.965e-14,1.639e-13,3.364e-17,1.110e-16,true
Shelves,shift-only,orb,estimate-affine-2d,304580,16.265995,54.164939,8.875383748,22.239554376,0.00601313262,0.015067448764,true
Shelves,shift-only,orb,find-homography,304580,16.265995,54.164939,13.664134456,31.63502306,0.009257543669,0.021432942453,true
Shelves,shift-only,akaze,vertical-affine,304580,16.265995,54.164939,4.965e-14,1.639e-13,3.364e-17,1.110e-16,true
Shelves,shift-only,akaze,estimate-affine-2d,304580,16.265995,54.164939,9.298094941,22.209303033,0.006299522318,0.015046953274,true
Shelves,shift-only,akaze,find-homography,304580,16.265995,54.164939,13.941181708,29.627927444,0.009445245059,0.020073121575,true
Shelves,shift-only,sift,vertical-affine,304580,16.265995,54.164939,4.965e-14,1.639e-13,3.364e-17,1.110e-16,true
Shelves,shift-only,sift,estimate-affine-2d,304580,16.265995,54.164939,45.554074124,98.038970983,0.030863193851,0.066422067062,true
Shelves,shift-only,sift,find-homography,304580,16.265995,54.164939,10.860698909,24.892572806,0.007358197093,0.016864886725,true
Shelves,roll-small,orb,vertical-affine,304580,16.265995,54.164939,4.965e-14,1.639e-13,3.364e-17,1.110e-16,true
Shelves,roll-small,orb,estimate-affine-2d,304580,16.265995,54.164939,11.911187789,29.798991273,0.008069910426,0.020189018477,true
Shelves,roll-small,orb,find-homography,304580,16.265995,54.164939,9.010626744,21.137863527,0.006104760667,0.01432104575,true
Shelves,roll-small,akaze,vertical-affine,304580,16.265995,54.164939,4.965e-14,1.639e-13,3.364e-17,1.110e-16,true
Shelves,roll-small,akaze,estimate-affine-2d,304580,16.265995,54.164939,16.156557799,37.41734292,0.010946177371,0.025350503333,true
Shelves,roll-small,akaze,find-homography,304580,16.265995,54.164939,13.479519972,29.143135095,0.009132466106,0.019744671473,true
Shelves,roll-small,sift,vertical-affine,304580,16.265995,54.164939,4.965e-14,1.639e-13,3.364e-17,1.110e-16,true
Shelves,roll-small,sift,estimate-affine-2d,304580,16.265995,54.164939,59.900687677,111.480207017,0.040583121733,0.07552859554,true
Shelves,roll-small,sift,find-homography,304580,16.265995,54.164939,10.855521812,23.540081918,0.007354689575,0.015948564985,true
Shelves,roll-large,orb,vertical-affine,304580,16.265995,54.164939,4.965e-14,1.639e-13,3.364e-17,1.110e-16,true
Shelves,roll-large,orb,estimate-affine-2d,304580,16.265995,54.164939,12.195906668,28.926387142,0.008262809395,0.019597823267,true
Shelves,roll-large,orb,find-homography,304580,16.265995,54.164939,10.379576639,20.870889878,0.007032233495,0.014140169294,true
Shelves,roll-large,akaze,vertical-affine,304580,16.265995,54.164939,4.965e-14,1.639e-13,3.364e-17,1.110e-16,true
Shelves,roll-large,akaze,estimate-affine-2d,304580,16.265995,54.164939,10.51516534,25.925318336,0.007124095759,0.017564578819,true
Shelves,roll-large,akaze,find-homography,304580,16.265995,54.164939,12.941239104,27.299198214,0.008767777171,0.018495391744,true
Shelves,roll-large,sift,vertical-affine,304580,16.265995,54.164939,4.965e-14,1.639e-13,3.364e-17,1.110e-16,true
Shelves,roll-large,sift,estimate-affine-2d,304580,16.265995,54.164939,45.372829548,91.908812755,0.030740399423,0.06226884333,true
Shelves,roll-large,sift,find-homography,304580,16.265995,54.164939,11.512698517,24.581637031,0.007799931244,0.016654225631,true
Shelves,zoom,orb,vertical-affine,304580,16.265995,54.164939,4.965e-14,1.639e-13,3.364e-17,1.110e-16,true
Shelves,zoom,orb,estimate-affine-2d,304580,16.265995,54.164939,14.887088889,37.292847611,0.010086103584,0.025266156918,true
Shelves,zoom,orb,find-homography,304580,16.265995,54.164939,12.533426541,29.915165489,0.008491481396,0.020267727296,true
Shelves,zoom,akaze,vertical-affine,304580,16.265995,54.164939,4.965e-14,1.639e-13,3.364e-17,1.110e-16,true
Shelves,zoom,akaze,estimate-affine-2d,304580,16.265995,54.164939,15.996333526,38.47562132,0.01083762434,0.026067494119,true
Shelves,zoom,akaze,find-homography,304580,16.265995,54.164939,12.97465102,26.741324633,0.00879041397,0.018117428613,true
Shelves,zoom,sift,vertical-affine,304580,16.265995,54.164939,4.965e-14,1.639e-13,3.364e-17,1.110e-16,true
Shelves,zoom,sift,estimate-affine-2d,304580,16.265995,54.164939,45.118161954,86.81594116,0.030567860402,0.05881838832,true
Shelves,zoom,sift,find-homography,304580,16.265995,54.164939,11.167431495,26.898825753,0.007566010498,0.018224136689,true
Shelves,roll-and-zoom,orb,vertical-affine,304580,16.265995,54.164939,4.965e-14,1.639e-13,3.364e-17,1.110e-16,true
Shelves,roll-and-zoom,orb,estimate-affine-2d,304580,16.265995,54.164939,16.274508434,40.772876665,0.011026089725,0.027623900179,true
Shelves,roll-and-zoom,orb,find-homography,304580,16.265995,54.164939,6.80949035,14.878384528,0.004613475847,0.01008020632,true
Shelves,roll-and-zoom,akaze,vertical-affine,304580,16.265995,54.164939,4.965e-14,1.639e-13,3.364e-17,1.110e-16,true
Shelves,roll-and-zoom,akaze,estimate-affine-2d,304580,16.265995,54.164939,15.257501385,34.737172158,0.010337060559,0.023534669484,true
Shelves,roll-and-zoom,akaze,find-homography,304580,16.265995,54.164939,13.050173691,26.889468216,0.008841581091,0.018217796894,true
Shelves,roll-and-zoom,sift,vertical-affine,304580,16.265995,54.164939,4.965e-14,1.639e-13,3.364e-17,1.110e-16,true
Shelves,roll-and-zoom,sift,estimate-affine-2d,304580,16.265995,54.164939,37.527923604,71.946939395,0.025425422496,0.048744538886,true
Shelves,roll-and-zoom,sift,find-homography,304580,16.265995,54.164939,12.377375541,33.565605383,0.008385755787,0.022740925056,true
Shelves,keystone,orb,vertical-affine,304580,41.207462,127.983746,4.941e-14,1.639e-13,3.348e-17,1.110e-16,true
Shelves,keystone,orb,estimate-affine-2d,304580,41.207462,127.983746,8.438637903,20.7013898,0.005717234352,0.014025331843,true
Shelves,keystone,orb,find-homography,304580,41.207462,127.983746,44.831527234,104.168817951,0.030373663438,0.070575079913,true
Shelves,keystone,akaze,vertical-affine,304580,41.207462,127.983746,4.941e-14,1.639e-13,3.348e-17,1.110e-16,true
Shelves,keystone,akaze,estimate-affine-2d,304580,41.207462,127.983746,26.808226154,55.677749195,0.018162754847,0.0377220523,true
Shelves,keystone,akaze,find-homography,304580,41.207462,127.983746,45.505374166,105.094588519,0.0308301993,0.071202295745,true
Shelves,keystone,sift,vertical-affine,304580,41.207462,127.983746,4.941e-14,1.639e-13,3.348e-17,1.110e-16,true
Shelves,keystone,sift,estimate-affine-2d,304580,41.207462,127.983746,12.532775299,25.467789474,0.008491040175,0.017254599914,true
Shelves,keystone,sift,find-homography,304580,41.207462,127.983746,45.191852125,103.666150393,0.030617785993,0.070234519237,true
Teddy,none,orb,vertical-affine,146546,19.001285,52.5,3.169e-14,9.992e-14,3.522e-17,1.110e-16,true
Teddy,none,orb,estimate-affine-2d,146546,19.001285,52.5,16.488284077,40.087398901,0.018320315641,0.044541554334,true
Teddy,none,orb,find-homography,146546,19.001285,52.5,20.563144751,57.637317727,0.022847938612,0.064041464141,true
Teddy,none,akaze,vertical-affine,146546,19.001285,52.5,3.169e-14,9.992e-14,3.522e-17,1.110e-16,true
Teddy,none,akaze,estimate-affine-2d,146546,19.001285,52.5,25.579598296,60.118772979,0.028421775884,0.066798636643,true
Teddy,none,akaze,find-homography,146546,19.001285,52.5,21.453446784,57.383535369,0.023837163094,0.063759483743,true
Teddy,none,sift,vertical-affine,146546,19.001285,52.5,3.169e-14,9.992e-14,3.522e-17,1.110e-16,true
Teddy,none,sift,estimate-affine-2d,146546,19.001285,52.5,24.094754629,52.333679996,0.026771949588,0.058148533329,true
Teddy,none,sift,find-homography,146546,19.001285,52.5,17.367469942,41.681411819,0.019297188825,0.046312679799,true
Teddy,shift-only,orb,vertical-affine,146546,19.001285,52.5,3.169e-14,9.992e-14,3.522e-17,1.110e-16,true
Teddy,shift-only,orb,estimate-affine-2d,146546,19.001285,52.5,19.758690045,47.732191661,0.02195410005,0.053035768513,true
Teddy,shift-only,orb,find-homography,146546,19.001285,52.5,24.821329853,76.943981421,0.027579255392,0.08549331269,true
Teddy,shift-only,akaze,vertical-affine,146546,19.001285,52.5,3.169e-14,9.992e-14,3.522e-17,1.110e-16,true
Teddy,shift-only,akaze,estimate-affine-2d,146546,19.001285,52.5,21.061535213,51.221395109,0.023401705793,0.056912661232,true
Teddy,shift-only,akaze,find-homography,146546,19.001285,52.5,20.306979243,48.871433364,0.02256331027,0.054301592627,true
Teddy,shift-only,sift,vertical-affine,146546,19.001285,52.5,3.169e-14,9.992e-14,3.522e-17,1.110e-16,true
Teddy,shift-only,sift,estimate-affine-2d,146546,19.001285,52.5,20.379235556,49.5477404,0.022643595062,0.055053044889,true
Teddy,shift-only,sift,find-homography,146546,19.001285,52.5,19.595432726,41.505026864,0.021772703029,0.046116696516,true
Teddy,roll-small,orb,vertical-affine,146546,19.001285,52.5,3.169e-14,9.992e-14,3.522e-17,1.110e-16,true
Teddy,roll-small,orb,estimate-affine-2d,146546,19.001285,52.5,21.201535761,50.608163476,0.023557261957,0.056231292752,true
Teddy,roll-small,orb,find-homography,146546,19.001285,52.5,20.78945684,51.996642936,0.023099396489,0.057774047707,true
Teddy,roll-small,akaze,vertical-affine,146546,19.001285,52.5,3.169e-14,9.992e-14,3.522e-17,1.110e-16,true
Teddy,roll-small,akaze,estimate-affine-2d,146546,19.001285,52.5,18.311444166,44.521925373,0.020346049073,0.049468805969,true
Teddy,roll-small,akaze,find-homography,146546,19.001285,52.5,20.272475301,50.099823238,0.022524972557,0.055666470265,true
Teddy,roll-small,sift,vertical-affine,146546,19.001285,52.5,3.169e-14,9.992e-14,3.522e-17,1.110e-16,true
Teddy,roll-small,sift,estimate-affine-2d,146546,19.001285,52.5,24.435712587,56.73533635,0.027150791763,0.063039262611,true
Teddy,roll-small,sift,find-homography,146546,19.001285,52.5,18.930047182,48.173919639,0.021033385758,0.053526577377,true
Teddy,roll-large,orb,vertical-affine,146546,19.001285,52.5,3.169e-14,9.992e-14,3.522e-17,1.110e-16,true
Teddy,roll-large,orb,estimate-affine-2d,146546,19.001285,52.5,20.448125255,49.458229901,0.022720139173,0.054953588779,true
Teddy,roll-large,orb,find-homography,146546,19.001285,52.5,23.545586241,60.91354105,0.02616176249,0.067681712278,true
Teddy,roll-large,akaze,vertical-affine,146546,19.001285,52.5,3.169e-14,9.992e-14,3.522e-17,1.110e-16,true
Teddy,roll-large,akaze,estimate-affine-2d,146546,19.001285,52.5,15.813392211,30.613044665,0.01757043579,0.034014494072,true
Teddy,roll-large,akaze,find-homography,146546,19.001285,52.5,21.694680852,53.615579451,0.024105200947,0.059572866057,true
Teddy,roll-large,sift,vertical-affine,146546,19.001285,52.5,3.169e-14,9.992e-14,3.522e-17,1.110e-16,true
Teddy,roll-large,sift,estimate-affine-2d,146546,19.001285,52.5,36.221051806,75.8410419,0.040245613118,0.084267824333,true
Teddy,roll-large,sift,find-homography,146546,19.001285,52.5,16.878438485,38.898492038,0.018753820539,0.043220546709,true
Teddy,zoom,orb,vertical-affine,146546,19.001285,52.5,3.169e-14,9.992e-14,3.522e-17,1.110e-16,true
Teddy,zoom,orb,estimate-affine-2d,146546,19.001285,52.5,18.022116014,43.855306158,0.020024573349,0.048728117954,true
Teddy,zoom,orb,find-homography,146546,19.001285,52.5,24.251089297,55.483687518,0.026945654774,0.061648541687,true
Teddy,zoom,akaze,vertical-affine,146546,19.001285,52.5,3.169e-14,9.992e-14,3.522e-17,1.110e-16,true
Teddy,zoom,akaze,estimate-affine-2d,146546,19.001285,52.5,23.955456225,55.943577219,0.026617173583,0.062159530244,true
Teddy,zoom,akaze,find-homography,146546,19.001285,52.5,8.396967096,33.056347981,0.00932996344,0.036729275535,true
Teddy,zoom,sift,vertical-affine,146546,19.001285,52.5,3.169e-14,9.992e-14,3.522e-17,1.110e-16,true
Teddy,zoom,sift,estimate-affine-2d,146546,19.001285,52.5,30.201817818,66.913099133,0.033557575353,0.074347887925,true
Teddy,zoom,sift,find-homography,146546,19.001285,52.5,18.536187227,46.02925773,0.020595763586,0.0511436197,true
Teddy,roll-and-zoom,orb,vertical-affine,146546,19.001285,52.5,3.169e-14,9.992e-14,3.522e-17,1.110e-16,true
Teddy,roll-and-zoom,orb,estimate-affine-2d,146546,19.001285,52.5,21.725641398,50.864037039,0.024139601554,0.05651559671,true
Teddy,roll-and-zoom,orb,find-homography,146546,19.001285,52.5,18.440770935,43.315025068,0.020489745483,0.048127805631,true
Teddy,roll-and-zoom,akaze,vertical-affine,146546,19.001285,52.5,3.169e-14,9.992e-14,3.522e-17,1.110e-16,true
Teddy,roll-and-zoom,akaze,estimate-affine-2d,146546,19.001285,52.5,20.292590904,47.96339268,0.022547323227,0.053292658533,true
Teddy,roll-and-zoom,akaze,find-homography,146546,19.001285,52.5,23.240570794,66.886876072,0.025822856438,0.074318751191,true
Teddy,roll-and-zoom,sift,vertical-affine,146546,19.001285,52.5,3.169e-14,9.992e-14,3.522e-17,1.110e-16,true
Teddy,roll-and-zoom,sift,estimate-affine-2d,146546,19.001285,52.5,28.94258527,61.034179758,0.032158428078,0.067815755286,true
Teddy,roll-and-zoom,sift,find-homography,146546,19.001285,52.5,18.697874049,45.216920638,0.02077541561,0.050241022931,true
Teddy,keystone,orb,vertical-affine,146546,22.564404,68.85949,3.160e-14,9.992e-14,3.511e-17,1.110e-16,true
Teddy,keystone,orb,estimate-affine-2d,146546,22.564404,68.85949,31.589942892,73.112383674,0.035099936546,0.08123598186,true
Teddy,keystone,orb,find-homography,146546,22.564404,68.85949,30.06980731,78.049691329,0.033410897011,0.086721879254,true
Teddy,keystone,akaze,vertical-affine,146546,22.564404,68.85949,3.160e-14,9.992e-14,3.511e-17,1.110e-16,true
Teddy,keystone,akaze,estimate-affine-2d,146546,22.564404,68.85949,21.089716104,39.664581091,0.023433017893,0.044071756767,true
Teddy,keystone,akaze,find-homography,146546,22.564404,68.85949,35.304386012,96.240290546,0.039227095569,0.106933656162,true
Teddy,keystone,sift,vertical-affine,146546,22.564404,68.85949,3.160e-14,9.992e-14,3.511e-17,1.110e-16,true
Teddy,keystone,sift,estimate-affine-2d,146546,22.564404,68.85949,19.02381128,46.587640519,0.021137568088,0.051764045022,true
Teddy,keystone,sift,find-homography,146546,22.564404,68.85949,22.571420453,61.356400513,0.025079356058,0.068173778347,true
Vintage,none,orb,vertical-affine,307991,51.986044,173.502914,4.883e-14,1.603e-13,3.382e-17,1.110e-16,true
Vintage,none,orb,estimate-affine-2d,307991,51.986044,173.502914,29.557465492,69.607137259,0.020469158928,0.048204388684,true
Vintage,none,orb,find-homography,307991,51.986044,173.502914,44.033134729,125.260657999,0.030493860615,0.086745608032,true
Vintage,none,akaze,vertical-affine,307991,51.986044,173.502914,4.883e-14,1.603e-13,3.382e-17,1.110e-16,true
Vintage,none,akaze,estimate-affine-2d,307991,51.986044,173.502914,30.952660136,63.776209389,0.021435360205,0.044166349992,true
Vintage,none,akaze,find-homography,307991,51.986044,173.502914,39.919559665,106.354932645,0.027645124422,0.073653000446,true
Vintage,none,sift,vertical-affine,307991,51.986044,173.502914,4.883e-14,1.603e-13,3.382e-17,1.110e-16,true
Vintage,none,sift,estimate-affine-2d,307991,51.986044,173.502914,6.289704916,14.308275503,0.004355751327,0.009908778049,true
Vintage,none,sift,find-homography,307991,51.986044,173.502914,35.956581494,66.364834141,0.024900679705,0.045959026414,true
Vintage,shift-only,orb,vertical-affine,307991,51.986044,173.502914,4.883e-14,1.603e-13,3.382e-17,1.110e-16,true
Vintage,shift-only,orb,estimate-affine-2d,307991,51.986044,173.502914,20.986568537,42.276948288,0.014533634721,0.029277665019,true
Vintage,shift-only,orb,find-homography,307991,51.986044,173.502914,36.274389167,92.324245037,0.025120768121,0.063936457782,true
Vintage,shift-only,akaze,vertical-affine,307991,51.986044,173.502914,4.883e-14,1.603e-13,3.382e-17,1.110e-16,true
Vintage,shift-only,akaze,estimate-affine-2d,307991,51.986044,173.502914,34.639526651,62.497636085,0.023988591863,0.043280911416,true
Vintage,shift-only,akaze,find-homography,307991,51.986044,173.502914,37.652254119,107.643293624,0.026074968226,0.074545217191,true
Vintage,shift-only,sift,vertical-affine,307991,51.986044,173.502914,4.883e-14,1.603e-13,3.382e-17,1.110e-16,true
Vintage,shift-only,sift,estimate-affine-2d,307991,51.986044,173.502914,23.283062408,48.340074924,0.016124004438,0.03347650618,true
Vintage,shift-only,sift,find-homography,307991,51.986044,173.502914,25.607295476,60.862713522,0.017733584124,0.042148693575,true
Vintage,roll-small,orb,vertical-affine,307991,51.986044,173.502914,4.883e-14,1.603e-13,3.382e-17,1.110e-16,true
Vintage,roll-small,orb,estimate-affine-2d,307991,51.986044,173.502914,28.785721993,65.728099417,0.019934710522,0.045518074388,true
Vintage,roll-small,orb,find-homography,307991,51.986044,173.502914,46.317642432,122.242763593,0.032075929662,0.084655653458,true
Vintage,roll-small,akaze,vertical-affine,307991,51.986044,173.502914,4.883e-14,1.603e-13,3.382e-17,1.110e-16,true
Vintage,roll-small,akaze,estimate-affine-2d,307991,51.986044,173.502914,35.891392197,64.678536403,0.024855534762,0.044791230196,true
Vintage,roll-small,akaze,find-homography,307991,51.986044,173.502914,50.45309965,122.524249368,0.034939819702,0.084850588205,true
Vintage,roll-small,sift,vertical-affine,307991,51.986044,173.502914,4.883e-14,1.603e-13,3.382e-17,1.110e-16,true
Vintage,roll-small,sift,estimate-affine-2d,307991,51.986044,173.502914,24.91178138,56.413377646,0.017251926164,0.039067436043,true
Vintage,roll-small,sift,find-homography,307991,51.986044,173.502914,25.983414709,61.663338296,0.017994054508,0.042703142864,true
Vintage,roll-large,orb,vertical-affine,307991,51.986044,173.502914,4.883e-14,1.603e-13,3.382e-17,1.110e-16,true
Vintage,roll-large,orb,estimate-affine-2d,307991,51.986044,173.502914,38.233270022,89.617821704,0.02647733381,0.062062203396,true
Vintage,roll-large,orb,find-homography,307991,51.986044,173.502914,32.200397539,76.992247819,0.022299444279,0.053318731177,true
Vintage,roll-large,akaze,vertical-affine,307991,51.986044,173.502914,4.883e-14,1.603e-13,3.382e-17,1.110e-16,true
Vintage,roll-large,akaze,estimate-affine-2d,307991,51.986044,173.502914,21.049048907,47.936440807,0.014576903675,0.033196981168,true
Vintage,roll-large,akaze,find-homography,307991,51.986044,173.502914,34.654341961,82.932199946,0.023998851773,0.05743227143,true
Vintage,roll-large,sift,vertical-affine,307991,51.986044,173.502914,4.883e-14,1.603e-13,3.382e-17,1.110e-16,true
Vintage,roll-large,sift,estimate-affine-2d,307991,51.986044,173.502914,25.379088564,62.059372467,0.017575546097,0.042977404755,true
Vintage,roll-large,sift,find-homography,307991,51.986044,173.502914,25.362347508,58.796192862,0.017563952568,0.040717585084,true
Vintage,zoom,orb,vertical-affine,307991,51.986044,173.502914,4.883e-14,1.603e-13,3.382e-17,1.110e-16,true
Vintage,zoom,orb,estimate-affine-2d,307991,51.986044,173.502914,31.339038876,67.803547804,0.02170293551,0.046955365515,true
Vintage,zoom,orb,find-homography,307991,51.986044,173.502914,39.065880761,99.23908895,0.027053934045,0.068725130852,true
Vintage,zoom,akaze,vertical-affine,307991,51.986044,173.502914,4.883e-14,1.603e-13,3.382e-17,1.110e-16,true
Vintage,zoom,akaze,estimate-affine-2d,307991,51.986044,173.502914,34.121112384,73.488201103,0.023629579213,0.050892106027,true
Vintage,zoom,akaze,find-homography,307991,51.986044,173.502914,41.91774998,101.70524551,0.029028912729,0.070432995506,true
Vintage,zoom,sift,vertical-affine,307991,51.986044,173.502914,4.883e-14,1.603e-13,3.382e-17,1.110e-16,true
Vintage,zoom,sift,estimate-affine-2d,307991,51.986044,173.502914,17.562374283,40.990655914,0.01216230906,0.028386880827,true
Vintage,zoom,sift,find-homography,307991,51.986044,173.502914,25.063921771,60.006140154,0.017357286545,0.041555498722,true
Vintage,roll-and-zoom,orb,vertical-affine,307991,51.986044,173.502914,4.883e-14,1.603e-13,3.382e-17,1.110e-16,true
Vintage,roll-and-zoom,orb,estimate-affine-2d,307991,51.986044,173.502914,51.060590003,119.603422677,0.035360519393,0.08282785504,true
Vintage,roll-and-zoom,orb,find-homography,307991,51.986044,173.502914,38.103007954,103.856582141,0.026387124622,0.071922840818,true
Vintage,roll-and-zoom,akaze,vertical-affine,307991,51.986044,173.502914,4.883e-14,1.603e-13,3.382e-17,1.110e-16,true
Vintage,roll-and-zoom,akaze,estimate-affine-2d,307991,51.986044,173.502914,42.034747124,80.821319294,0.029109935681,0.055970442725,true
Vintage,roll-and-zoom,akaze,find-homography,307991,51.986044,173.502914,38.507419463,91.628699009,0.026667187994,0.063454777707,true
Vintage,roll-and-zoom,sift,vertical-affine,307991,51.986044,173.502914,4.883e-14,1.603e-13,3.382e-17,1.110e-16,true
Vintage,roll-and-zoom,sift,estimate-affine-2d,307991,51.986044,173.502914,31.582655353,74.036248665,0.021871644981,0.05127164035,true
Vintage,roll-and-zoom,sift,find-homography,307991,51.986044,173.502914,23.99504139,58.570200299,0.016617064675,0.040561080539,true
Vintage,keystone,orb,vertical-affine,307991,72.885627,243.90766,4.877e-14,1.603e-13,3.378e-17,1.110e-16,true
Vintage,keystone,orb,estimate-affine-2d,307991,72.885627,243.90766,20.648585376,49.157073876,0.01429957436,0.034042294928,true
Vintage,keystone,orb,find-homography,307991,72.885627,243.90766,51.277609941,123.427853052,0.035510810208,0.085476352529,true
Vintage,keystone,akaze,vertical-affine,307991,72.885627,243.90766,4.877e-14,1.603e-13,3.378e-17,1.110e-16,true
Vintage,keystone,akaze,estimate-affine-2d,307991,72.885627,243.90766,23.780300659,44.263946065,0.016468352257,0.030653702261,true
Vintage,keystone,akaze,find-homography,307991,72.885627,243.90766,51.108464952,126.78803382,0.03539367379,0.087803347521,true
Vintage,keystone,sift,vertical-affine,307991,72.885627,243.90766,4.877e-14,1.603e-13,3.378e-17,1.110e-16,true
Vintage,keystone,sift,estimate-affine-2d,307991,72.885627,243.90766,48.940988664,97.182050093,0.033892651429,0.067300588707,true
Vintage,keystone,sift,find-homography,307991,72.885627,243.90766,61.590687741,134.050260076,0.042652830845,0.09283259008,true
